bullseye	bullseye	circle	circle	dots	dots	h_lines	h_lines	high_lines	high_lines	slant	slant	slant_down	slant_down	slant_up	slant_up	star	star	v_lines	v_lines	wide_lines	wide_lines	x_shape	x_shape
x	y	x	y	x	y	x	y	x	y	x	y	x	y	x	y	x	y	x	y	x	y	x	y
72.4142038529	81.72875126	62.8897705352	76.92754854	72.056320504	79.6297666969	73.7673176992	89.8040548596	64.8185804356	89.9333781036	65.2497991023	80.3818734121	66.8128265439	82.2947277438	67.3135320079	99.2861952704	60.0195305423	86.2054459107	70.3647776158	85.2857007079	90.3186900701	86.1028597102	74.8392876308	68.4806620382
69.9039736658	40.7656954592	83.7537635774	45.509281152	75.2048287563	46.2158372953	78.0025369513	46.197793235	86.1144972145	29.6307399262	79.6045044614	43.4097222233	86.6637375655	45.3224018038	77.9074641798	45.605979653	70.8022976367	40.503232352	89.8591452064	43.4501293797	90.4787187462	33.938602591	75.899568447	30.8428076941
36.5753118043	44.0969342472	30.6918785125	29.622466462	24.8511639279	46.1995239996	25.2395277887	46.1970875982	32.9741607917	29.6287546224	31.3421091514	41.8262917123	33.1734943748	38.0939981404	30.5804434367	31.3230497387	43.7368006505	46.4740063039	30.1374876584	44.2069962445	9.78650315092	44.3275117584	43.2359612661	29.296989927
52.8817884948	29.3314463024	30.5666375359	29.9191350255	49.2747420462	29.5454483631	51.9131126684	30.3733699475	52.8186470083	29.6323258634	52.8870780644	31.2783201553	41.5876202143	29.886322246	53.1412241517	22.7205185617	51.9911326099	28.1675623141	49.7715416865	35.3112048325	53.5502736906	31.6670163702	49.1309767834	36.298617779
68.1415535023	59.6037566211	63.9497338353	66.7511943957	53.7340654037	49.9742186521	61.1580750105	50.0980044179	54.359291067	46.2410748711	54.2637860229	49.8154312865	55.0421159155	46.2588677393	54.2269247815	52.2758282313	43.4908124688	47.0525733977	53.7991261514	53.6730346105	64.0993298242	48.4844368791	59.6945716877	50.7424424503
55.4880158794	84.0848230319	63.973302056	77.2877662506	53.7354403092	80.4284481769	61.0686572576	89.8895877441	56.6191148843	90.0171446741	60.2856234441	87.4356704623	60.3114127156	88.2020072343	63.0669082296	93.2211293608	57.4057377061	88.1558183448	53.7956592717	84.0020676882	64.1010426685	88.9704901592	75.3253655161	69.8744109701
38.8600679208	13.9741315869	34.7599807804	25.0136627028	45.1897867147	20.1639328808	40.0296091502	9.93797499476	40.6562146429	9.7416029463	43.3859499505	14.4341005043	36.5769655388	13.4549917922	41.7847568428	12.8493794971	39.414205987	17.6684887372	45.8812250452	17.8439386197	9.69088447523	19.6970657309	36.4593114168	20.558922009
82.8416372258	25.1581002763	74.3019409562	25.7800478388	74.0124428861	17.9055521495	72.7400724083	29.7038022985	71.5927221979	10.1377598149	72.2719941209	26.5963575652	73.2232093347	26.3583144227	73.6339549692	25.0461381361	73.5450279198	28.7854164454	70.4371048891	21.9094843986	90.1221506827	29.3583612362	77.7405576485	27.7735067169
33.2054293613	17.7500690332	39.9293915413	22.4796177988	22.2702739583	20.4078260199	30.5147563765	9.8747015951	40.4487572693	10.1090490632	33.6668525501	5.39969623814	36.565152018	12.4768937524	36.4220691511	6.1714084213	39.7647633474	19.1739539703	29.9573880925	3.62885417463	9.76175444057	14.3862717885	23.8713465317	5.39168298716
61.5569854536	32.2417615201	78.9405990539	31.1401870048	53.7524863705	29.5528451468	54.1227908548	30.4087470379	59.1032838627	29.6331858984	61.5459350672	31.0489656296	56.4139787626	41.6991366593	62.5352353731	33.4703508699	56.7708158304	32.6338640972	65.0711386025	32.0927925401	64.1008492292	35.9104838382	63.0524811106	45.5063864421
50.597045888	28.7157475234	44.1143562154	18.26796792	47.9827121808	19.7007447845	46.5138701346	29.9200723824	48.3825109788	9.81305098109	47.138241688	26.7495939707	46.1175823714	24.6788062532	51.835880074	23.9259013296	43.1063281934	29.3595806892	50.4336890736	16.7011445858	44.9284562652	23.4108815485	44.9318417283	29.6409755887
39.328266254	56.5580750765	27.2959499842	61.4937867878	45.1943989097	49.9700782546	41.4490368598	67.9342323587	40.4855303404	66.6758033222	42.4714502115	63.070319005	34.5874006305	64.6686497734	33.4126987391	62.6647205329	44.2777915313	63.2333488905	45.9013225109	62.4265720171	9.95921809117	54.6629041999	47.6593614689	65.6584871497
71.3723117061	81.8132320731	67.5005258623	74.2378943354	73.3315317291	78.1611700254	80.2705558813	70.3097664673	74.4800332201	90.1293469958	78.5347248803	76.7284494842	76.7973884346	72.0700548064	81.2539810694	82.4487464158	76.1394740682	67.7273505366	69.8491050401	80.313059426	90.0947498961	77.8896108416	82.9641104516	78.2731788082
54.82113479	67.5306321179	60.9607713817	78.0922195807	53.732044489	79.7779946153	63.0964666349	70.2332272687	57.2446347726	90.3378253044	57.1176315681	68.3233350818	54.4361712247	75.0857019566	64.0141977601	67.8646319267	52.6061025535	72.8769127708	53.7951421199	70.5708320507	64.1034246773	68.8717514878	53.7914823319	67.8529921484
43.3173163477	63.0090452053	27.8753183004	59.1195899312	45.1918083682	50.0125525537	47.8412467791	50.2937218015	34.9184722278	66.6781643251	39.3683052928	57.3481448332	43.7512228449	56.4984717847	32.933432965	62.8153021987	43.2948980496	47.5551899448	30.2619994199	63.8263710158	9.60901219991	61.1506997814	46.2410960656	66.737735263
90.2338188229	55.8291391321	75.7857179903	66.6300484911	72.9421974489	48.5045078852	83.6563422451	50.336318994	82.0761100937	66.6770960431	87.149805517	57.0971323103	91.2603734278	60.3725740695	83.2927257475	55.921272974	87.5371867743	63.4089256262	90.0216962287	58.1880261035	89.8619301289	55.2885391122	71.1194513185	63.8298118389
71.8545936676	79.4993889586	76.369079385	69.6130041563	76.8004513293	79.2453838094	76.3684981592	89.6584896158	81.6699058312	90.1230689993	83.8678042122	90.5051457633	73.3281573656	77.0243547801	81.0294221323	82.3115046976	64.6174780324	69.7428418277	90.2076900378	85.3128572189	90.2482146142	85.7876836521	86.5433922991	83.6864856293
60.2190321493	10.920069313	54.502247716	18.6498426268	53.736619282	19.8998035516	54.8083888091	9.88808513244	62.3339575748	10.3223872418	55.7663806259	8.6888179471	57.2120739854	14.4001861754	54.5406391937	3.00307341873	58.1403168895	34.3211441886	53.7961109451	8.45637063493	64.1034571364	7.28500289204	53.7570333243	32.5764913406
53.4348407198	66.6402323069	44.8867383831	66.6927865502	48.9472719646	50.1954391187	46.0035894774	67.9171393117	45.0021532676	66.6789779645	47.0176954472	61.2270187283	45.4141101275	53.5317789821	34.424629427	63.4626955016	46.1336157422	63.2881775525	50.4525907295	61.4202687453	44.9257633705	65.4273824321	47.9046934498	65.0315258838
71.1990259043	48.9474856731	83.885679242	48.5746488584	75.3354745576	50.4148152935	76.9471241873	49.9247075797	71.1386234739	46.2458192099	72.4861782202	47.9877392942	77.8419657434	51.1838557744	80.1602435603	50.2430393066	75.1876391387	48.8883500388	69.5578102052	46.9340237884	89.8488960321	59.6877491228	61.9708123624	47.916211245
49.1173214125	85.4502123593	48.6346205207	76.2612306618	45.1759892304	80.0967072621	47.5441609969	89.8859993613	46.0092066943	89.9854299143	45.2276805752	92.0723693814	49.6376202398	77.967044467	44.8467319185	97.4965101486	55.6560315167	83.1069057827	49.6338403741	93.6240956812	44.9314138845	97.5420841849	45.5997623133	67.8839702066
37.4939822074	13.758152604	37.2348183481	22.0829178745	45.25532723	20.1345831593	40.0214762234	10.1626954388	27.3586389051	9.7839927047	41.7003275847	14.0219598235	39.5825308737	13.0644768338	32.2564059379	1.6551451458	39.151369476	15.1480853453	45.9378312902	24.2546167139	9.98944653597	14.0882539797	42.2593695851	28.2336383268
43.3432689548	62.3171447511	26.9252203242	59.5840456434	45.187776157	50.1848112488	39.2006630746	67.9323701479	47.7851971571	66.6749114906	44.6439155683	60.5889586942	44.5649296515	58.2239125098	35.7078724316	64.4616402649	44.7376775489	62.9064722207	45.8925169418	59.2539212093	10.4416938097	55.028136914	51.9236434085	60.3391065702
46.9521704019	63.2407744726	44.8074008893	66.6886356651	49.4920339479	48.0899885102	44.8887821844	49.9727005255	48.6180961215	66.6751643348	49.7423401581	53.9690541666	50.8787860169	49.7837689229	48.9218757591	49.7061832312	49.3014315699	63.0622869195	50.1065136283	62.3215535162	44.9245077735	48.356642875	50.2010554227	62.1669990299
63.3088156891	83.2432761718	61.590308477	75.5508646657	53.7305947625	79.8486639032	55.3171961926	90.1438813932	59.0342825534	90.0136042022	56.1213206005	81.0569766394	53.9864103728	78.689415213	58.4219685059	88.8425505566	53.9746160904	75.1002612856	53.7980034707	79.1521010506	64.1011546793	78.2466965335	53.7983367137	67.8240969658
62.5247966287	63.8329002124	63.9651423302	66.7228792342	53.731919558	49.9755531963	54.9871874859	49.7546583421	61.0683918609	66.6775813259	58.1792288609	56.8054794652	54.6162954612	47.1203882581	64.34095194	63.5152488138	50.3403249887	63.8620085911	53.7955461927	56.2377367764	64.1025816656	59.7058172505	63.3694848074	53.9713421396
63.8022458666	82.3082722912	62.2981397907	76.2314532272	53.7322358851	79.8853420693	57.5378770899	69.6982390419	59.340641477	90.0381654492	62.8155813447	75.1705329159	54.8090076315	72.6644586752	65.9057998445	67.9153404957	62.8112396918	76.4208864599	65.0455832188	82.2185115098	64.1017295432	75.9723266391	76.0675155233	70.1129959852
58.1638089441	29.9791908267	63.9400812007	29.5672880747	53.7423414351	46.1970853281	63.6631138713	30.4721412621	54.9048453052	29.6285278082	55.260420032	37.8733990471	61.7632756146	40.0693063346	63.149970634	34.4703343895	59.5696820804	33.1179582756	53.7967878662	43.1523323765	64.1025999796	34.6718329916	55.2805211224	43.9453132876
48.9843274108	29.8441361744	44.7965426508	29.5755789842	50.0436537904	46.2179534468	51.111792408	46.1963674519	44.8011166482	29.6316362585	48.439965815	44.0339683769	53.0392096096	44.8030333995	43.5638642653	44.9026848161	46.514555975	43.2406929873	49.7471139566	45.5150489555	44.9272440967	43.1109449901	50.5869975499	37.7746273338
42.602031974	11.6417277085	29.4649144244	30.0535533784	27.6344785546	18.8153271703	37.8429840065	9.68543149816	43.851868341	9.68216924178	31.9344795339	8.56988494242	41.6668056624	6.55740053019	38.8285090917	7.37011100495	41.2120650264	16.5767446096	29.9716790797	10.7208547946	9.59554774805	2.90579027063	33.4378588654	17.3834094662
61.1783987127	32.0002634339	76.881413501	30.4596267403	53.7568503734	29.5469502111	54.7223274023	30.4459677928	59.3350145218	29.6291174097	61.3926581368	29.6750368361	62.1511925611	37.1330138793	63.2983879865	30.9402617568	54.6969719875	30.9182130999	65.0722209501	37.1470003462	64.0984347952	31.1655971783	63.9645056657	44.899651381
72.013839258	79.1279341761	64.9944122579	74.851014778	75.8537456779	79.4243034336	76.1741812181	89.5892496684	80.4429039249	90.1599420727	81.5840496376	88.7460050809	71.2996245265	79.2059682783	82.6947806702	82.4465470094	62.5868001063	75.6975303722	90.0493672964	97.3506311578	90.3695480898	87.8078831089	86.5984615369	82.7996308271
59.0050592953	11.1389564217	56.6246792694	19.3444647561	64.3849337839	19.9701070613	53.9123014493	10.3336069577	57.7650538822	9.85368456694	63.5596041464	12.7717311268	55.9777085615	15.362023035	57.9199269816	8.22634991062	70.4783390235	21.7676728172	65.0718189025	16.9463152598	64.1017798703	16.9786786403	78.6572401804	27.0398949812
53.3658180909	84.8739193803	53.5814361561	77.4426264728	52.1458141341	79.6877081212	49.9122541211	90.1182587988	44.7925671572	90.4696507317	50.1185854501	83.3714927504	51.7056075318	78.9700210004	48.3148605736	80.2653111631	54.7987709082	78.6595982409	49.8632103297	69.7872597472	53.5500743552	82.465756555	40.425221716	73.8585104831
48.7009918693	64.7161618682	31.3626073882	65.851492744	49.4112434675	66.3872581575	47.656355383	67.9065346236	46.6444906752	66.6780402211	52.316461897	65.7505604096	53.6076355661	66.476564331	50.9543668564	53.1600300725	49.4560946282	62.8646800519	49.5879375721	61.2720067839	53.5496893374	62.4703670422	48.0116854619	65.5768830167
30.1691857461	74.1940919111	40.8230010828	73.6586057958	24.9762955873	82.7381158001	43.6503892829	89.7956632908	33.5141029264	89.8418829973	34.5602758643	92.601427282	44.7975719461	86.8411057285	32.888852122	84.5357830993	54.5591412797	78.2185601764	30.3353162498	92.7770309739	10.429845956	92.3835514453	23.2584278559	95.820856635
48.4025610212	84.989087435	51.280996034	76.5337536298	45.1896360549	80.0365725338	39.316256218	89.5848077344	42.2142499131	89.6210863589	42.7616885528	86.9644443227	41.4684361738	86.5677621548	35.4746620998	83.5882701309	54.0951608899	75.0806209232	45.8993077019	82.7073181137	10.361092773	92.065307934	32.0269779589	85.6294243238
65.8342171738	83.4771000396	62.8910302018	76.9324275591	64.3930746116	80.2834708088	71.6122381021	90.0604855087	66.7506741591	90.2712924013	64.1112132083	97.0241743853	66.548468218	85.3559328016	68.0394676361	99.4644456236	59.6084529586	88.9175480126	69.5792291507	97.5074895605	90.1133186754	96.3632452821	76.8516997899	70.6938995488
79.6978265545	75.0877826728	67.1551244166	76.1063398854	76.8719404342	81.5288266056	75.0178357548	69.8969671002	76.9106677095	89.8531355435	69.7553397049	70.9579698042	64.2636412878	67.915116876	78.7122521995	77.1392230641	64.0537442099	71.5716626541	69.9719620066	77.8602965488	89.9833722434	67.8771618885	74.5603433951	68.3692490795
54.1489288939	67.5112063689	69.4554879906	75.0054996307	71.8766052639	67.8348847616	66.8368405692	69.6622586393	68.7023978135	67.8509765051	68.3173818542	67.885687055	64.5368220134	68.2699728894	74.101687967	73.5481550902	62.0309203732	79.4017874463	70.3941273346	80.3279744541	90.0766066858	74.5438737075	74.0247931661	68.2421826805
63.9833177032	31.7205907265	63.8736809647	29.5802052791	53.7472121241	29.5513629246	62.5805090031	30.2616854607	57.2314404525	29.6300634935	59.2581808443	33.2256040173	60.4210826392	41.7336703046	63.3037938295	33.5259785298	55.9341156806	32.1953390319	53.7957452081	29.695400754	64.1033057989	36.3722238725	56.3199817751	45.4527666147
18.8841804648	39.6029257554	25.2144133989	37.9487589466	24.6901362981	29.5471914592	39.6791103736	30.3709322616	25.069971932	29.6286543669	30.6880647283	31.8170470289	38.3940266332	31.2328287018	31.3490337612	31.3486298624	43.4512479064	33.8007915271	29.9250975204	34.1609976609	10.0009815884	41.9102849203	49.3678856068	36.7050224368
57.564650692	85.2569667372	61.2507053003	77.13573367	53.7312372265	79.8981240903	63.8267725429	89.8024216912	59.6167527391	89.5935506449	53.9317996538	85.3865445554	56.9719735661	74.9570967926	61.0932039665	91.9820685874	55.9216026194	84.5543318527	53.7965557893	84.9616297308	53.9286623103	85.5605781297	53.7820827225	67.8822605249
52.0827203059	31.1139976437	45.5545084601	19.8924604465	45.1974336137	20.1161552183	35.8436307776	29.7870923799	43.1906750164	9.91322512959	44.8050377252	22.6987372585	43.6980488243	24.1703598501	40.513408752	9.03340562401	40.5235321645	20.0780967057	45.8862414971	16.4740136036	44.9258235522	27.9441789954	43.6615466985	29.4790811767
36.0998918533	42.9154897168	30.3192506593	31.3559517688	45.1799140231	46.1869272095	40.6619982363	30.4825666502	44.5174424038	29.6281078953	39.8316284819	39.6213794448	32.7099965313	38.2118387331	43.5993659722	42.307358513	43.8950843711	33.3229759554	29.6581851195	33.7546788165	10.4139527134	45.9887564789	48.6727927217	35.6517043636
54.3715885657	67.5243009671	59.2927470149	77.8449338985	53.7355264061	80.3636924601	55.2476163139	69.7668491185	63.1124919741	90.2796350216	54.2261512489	68.3000890559	56.0480466883	71.4600420059	64.0124532837	67.871964032	57.2000367021	86.6377322097	53.7984146865	70.6504190666	64.104374089	72.6402737938	53.8015315583	67.8335876744
70.5028179321	37.3432144008	83.3588440632	46.1759972688	74.9932403355	46.216996749	64.2107431959	46.1965544279	65.7107808684	29.6283139524	64.6525019627	41.1435973982	64.3627379374	36.6278092339	68.5271488734	39.9639145332	71.3921844405	38.5476555242	69.8022301527	46.0797686082	89.8230885721	31.9393896612	72.6080227596	33.5250979907
44.9687988321	30.8197500534	45.149276006	18.8434609384	50.0907372725	46.2191472531	51.238125992	46.1934332073	46.580933318	29.6287592481	49.0438595208	42.9555725563	52.7559965967	45.4076541981	45.5204870629	45.106305102	44.8739179867	46.1661534003	49.800758594	43.6898016574	44.9340630869	46.1090902024	50.9178502923	38.5140469509
89.1019938827	56.4110365546	83.4908434017	56.482506485	76.7858017651	51.656761962	81.262880352	49.9683112966	80.788982351	66.6699052113	80.9207582219	60.1244235979	87.0461965026	63.2245415847	83.1917583033	51.4839358885	79.9486449353	53.7617144779	90.1441800806	66.2201821661	90.0201128707	58.7820318199	66.9431935822	58.775447745
49.9982215225	28.9733195723	44.8032127438	29.5675118189	49.9095642839	46.2181129984	51.6258669342	46.1967069025	50.1152251871	29.6291857014	50.3193301987	42.1121869369	52.1632178085	45.7080011654	47.1726147076	45.6744866599	45.836479639	44.3209938994	50.2648373924	45.9345920214	53.5507799221	39.7803624225	50.2180838802	37.4979328565
59.0910228301	83.3802647658	63.1505852364	75.8100474414	53.7342084976	80.1067662241	63.2145489256	90.0539888511	53.9478648548	90.0175149197	57.6416201395	84.2406303119	57.8649288638	94.5476707402	55.709285115	87.1453900802	55.997502853	83.2730271503	53.7958214584	90.6820355807	64.1026260062	84.4873321995	53.7652911891	67.8884232301
42.9731002413	33.6084101506	29.3212107421	30.0275461333	45.2039829387	46.1128348002	28.4772799568	30.4006446009	37.4034229509	29.6280197814	42.1029335967	38.4957429771	34.8324668236	34.8325250764	33.2727426227	33.5157036104	44.6176386473	35.5277072496	45.8768462543	35.5258105685	9.82407808619	43.4143643109	45.6170359375	32.1091408317
48.1039691587	64.3526327202	44.8537057777	66.703254742	49.3843379849	47.8449861795	47.4379706334	49.8524044854	46.2549902978	66.6759402248	47.7436373804	56.5062985216	45.8607797653	53.3484704956	52.0437222838	51.6237849557	50.5206606562	65.4300221026	50.1419074737	58.250365701	44.9243683196	52.8282903242	46.6466747657	66.0649381627
56.8312717546	29.0834744649	55.7810366298	19.2855439352	53.7333498842	20.0115268491	59.4571376708	29.7230310986	62.4434200931	10.4843107596	61.0346068127	26.0737305291	63.9281387124	29.5174558089	57.8300154235	29.5987529959	62.1347235139	30.3324701539	65.0637161617	22.9886905147	64.0891427505	29.481682903	64.0562278163	29.6119314519
35.2149893656	16.8052947748	34.7797528784	24.6358115783	23.8568144695	20.8583019703	19.2954644682	9.80018713406	34.3285410722	9.90192559473	27.9781288537	7.66815961724	29.0208223444	18.5910917237	31.764751969	0.763458074838	40.5002604789	16.200776721	29.7423445767	1.36189961658	10.2031811146	0.718600795541	28.8721414093	11.2752880318
53.2492343968	67.5300885696	47.4730484642	76.4707866051	49.5271311809	78.6527036	44.8314997744	70.1689722532	50.7314765162	89.7662138279	49.6106350071	70.8548717332	53.3184657082	74.6498632039	49.3213425258	76.7035180232	52.4841296942	71.0938155336	49.8955677542	71.0583674388	44.9259095668	72.2350986097	42.5849164702	71.7518037102
39.3192127245	80.5342749866	49.3736863711	76.2777114403	23.0617699904	81.8228907799	42.1811421021	90.3414137093	30.4754740025	89.8768565211	35.7743082965	88.4866299688	31.1700711967	96.5841920927	33.6375975849	84.2345365366	52.9295204749	72.0538217453	30.2447741312	92.0941385413	10.0381885577	83.9144136297	26.6009894049	91.9862942137
58.2574819356	65.4515663382	63.9720111255	66.7439610306	64.3874520348	50.1323123686	60.3840377808	50.0471665942	61.7076853859	66.6786002298	63.5436367972	59.4623115581	63.5072514649	65.2259336814	61.6795237984	63.1678661003	65.2729286517	64.7724331876	65.0525184201	56.9584215614	64.1025653526	62.0840381569	56.4573019236	54.5756215901
71.9992964307	46.2457555654	83.6790076812	38.5939841575	75.0342182024	46.2152939275	68.4005167607	46.1952281351	68.818873356	29.6289439047	66.7242052801	43.6330950601	65.0578816269	33.3765193836	69.3313928488	39.7648174214	72.2357102529	45.7555150906	70.2394807095	36.429043066	89.7364452428	38.977669983	73.8205480841	32.1754015566
90.8343766609	36.9914325927	80.3733493605	35.3019188436	75.0885996161	29.5431478958	72.835576107	30.4343408035	76.4548155439	29.6306090914	78.1295000171	31.5554036332	71.510928936	30.4418190605	80.7669329816	30.0667979992	72.7573591333	31.8984119722	69.6291425514	36.4418525701	90.1203103603	33.7893564602	75.6407082141	30.3314957828
53.5155330441	28.3739336056	44.8280390403	29.564630557	50.0902891061	29.5459661532	47.2665637881	30.4584104863	49.0174746644	29.6295464273	50.3449670891	33.8075445162	53.4237386084	44.1052835891	51.0018153726	23.6199772895	51.3724267623	27.6378056205	49.5927752876	42.4606557766	53.5395322655	30.7329540605	48.3275187669	35.9494707206
60.2771810886	31.7111105779	58.8853082531	18.5917531967	53.7385081047	20.1078053918	63.6373794219	29.5282832135	63.3060680631	10.3316861469	61.7671934488	22.7723184176	71.8769409204	28.6351614673	58.4355540401	27.3759044377	66.4116132483	25.4156097422	65.0564447422	22.8754556519	64.1002367124	17.7391960799	64.0633483901	29.5835956517
54.55834587	10.5672336954	59.1648366077	18.8929532441	53.7307845949	20.03508669	57.8548808551	9.61318361736	60.7017383461	10.277489386	62.5540261425	0.988793884246	54.2169858571	13.277737586	57.0821350368	8.81535974916	67.278614865	25.1967233004	65.0696127469	1.9644863092	64.1027077467	6.26186637524	79.9070677044	25.4308241282
71.4109107837	45.2150446795	85.0970199653	44.2986449497	75.1327704464	46.2205159496	67.0241550822	46.1967101751	71.2260103177	29.6324985351	64.7176835559	44.0360977049	65.66638684	33.9048020601	66.5671182614	35.8976244072	71.6527580652	36.9585490408	69.9732198599	40.7360334965	90.1103617197	44.4855916941	67.3785270679	41.0523729057
53.0252227698	67.5127102904	50.0695786567	76.4342813059	51.6724261436	78.2434906459	51.8397639077	70.2187450922	47.2656498663	90.2338175153	50.1904861261	69.4430883802	50.2492726929	78.1711943365	45.6817944724	77.1659344319	52.7244611228	72.6701125428	50.0856667609	72.2013031955	44.9248734069	68.3029952868	38.8249834505	76.2579418061
41.1155121356	12.6333539257	45.7249059675	18.2717871698	45.1948417071	20.2554348609	44.4778838591	10.1719648911	42.6675415394	10.0945839549	40.7257338923	15.9110002842	43.7709531211	5.19312319273	43.0717359656	15.1997279853	38.9838008886	16.0627778512	45.8763986251	20.0081851777	9.72710653999	11.9569710421	38.6196945343	23.2867190999
16.9697921193	39.2923393444	26.0019656546	38.6992920023	24.9143525358	46.2144649696	20.0087089607	46.1967494447	19.9126032051	29.6283170345	19.5111256951	40.5254075186	23.6983586274	45.1716184183	15.2362047437	43.1128556151	43.8567161556	46.5367314317	9.86443927902	37.6983648406	10.0100615151	39.6401952734	43.1683848931	28.7904392552
17.7811291047	44.4556238109	23.5796339624	41.6059342832	25.1592368494	46.2157065378	15.0871589474	46.1933623213	17.6293972954	29.6280625466	17.2757496846	43.9042051485	27.269115102	44.6201398637	15.6481429252	45.1734395579	46.5899279217	43.8802887955	10.2693802906	45.2167075348	10.3078152972	44.967301693	44.3921276842	29.9665978361
31.8393635866	19.5802903578	33.654613182	25.4072932082	23.6059601935	20.5439773546	24.4518317115	10.1880656041	16.8812909083	9.86297710236	19.0987441501	15.9098818674	30.0115556117	21.4761819408	11.616092334	11.6283358103	43.4539990005	19.9536771898	9.57559960735	9.26947864432	9.87440658794	15.0201510088	30.7498198397	13.4764534816
58.3088506053	10.9101959474	59.0684607704	18.2464590191	53.729431879	19.847804998	59.8088665645	10.108815534	57.7295982239	10.1570078904	57.8196482564	14.6455302081	58.3769236581	12.1362451493	59.3785591301	8.61985888981	53.7466972556	29.49861831	53.7954105899	12.0754630964	64.103101341	10.1809595201	53.8187191427	29.6260861304
71.4068729726	82.0056942378	61.6667795094	76.8650268227	73.2765919877	80.1239072674	74.7256551199	89.6411554477	75.9927927833	89.8027905436	77.9447182338	98.3558999444	67.1215441474	83.6316711431	70.5796357699	98.4014980631	60.7622689747	82.2969929935	70.2078753702	87.7982655683	90.1769003018	98.1552174438	86.2112359102	83.019523883
64.6638215716	33.3574801972	82.4178119417	39.0109479813	74.9848148477	29.5451516098	68.4538459275	30.3613912745	69.8185565151	29.6329540051	67.5152547813	32.4815461847	65.1374610685	32.7876014878	64.0005853771	33.3093588682	71.4020161581	37.1955716964	70.4434459809	36.593321687	90.0757568927	35.2700662159	72.1955316843	34.9334212081
53.928951997	10.0700387677	53.885320441	19.2204715647	76.3613623795	21.6397842144	68.1578422186	9.64154126944	73.0385069749	10.0347297536	66.3944897635	7.68426897046	65.3897399832	4.48312397449	67.0477053835	17.5221611582	74.8380520862	17.9383045468	69.7851119109	5.50060099039	89.9338211229	11.8180950082	85.1535726834	18.2899537431
73.2294936092	51.9733494382	82.4142152314	53.7242365329	72.7637814626	48.0349646412	73.4288739272	50.3421051099	82.4809092785	46.2457958229	81.13760725	48.7354871815	81.1724668293	48.2227153824	79.7272057127	49.1763038805	75.8062738922	49.5324532414	89.6478378035	47.1650401688	89.5904539774	48.0496353893	61.7680639147	47.6616746621
61.8263557718	32.651200174	63.8605476537	29.5703129655	53.7431036234	46.2093642299	59.4389110193	46.1968044276	54.1222338251	29.6279668901	60.0343851145	43.5893183244	61.7544584061	40.6602227278	60.2812837115	32.3622062335	71.2595306124	36.769557785	65.0276770756	44.7557476661	64.0977205928	45.932846734	63.5129201987	45.298761704
59.7920115168	29.7252201225	63.9423350639	29.5664079938	53.7579416598	46.2006335432	55.317833986	46.1937960678	55.0738244822	29.6372397684	56.7049700568	43.6290549111	60.2428664308	37.3519149601	53.8286240681	46.2022535078	62.8005761172	29.6083880723	53.7959231478	37.8271655955	64.100915418	38.7299309121	55.237997463	43.3826385002
40.8040906927	36.3231580193	44.8079077651	29.5640178822	49.9343922665	46.216094081	41.8299125194	46.1956848207	43.693214806	29.6286066449	44.9146813375	43.1372264189	52.5100502243	46.1742159591	45.2807500785	42.9380796038	45.1278721002	45.5983242889	45.8899330348	44.7680575176	44.9360901517	46.1611483204	46.5711535436	33.0864902713
53.2398630511	28.7609476693	45.206937904	18.77037185	48.6161278056	18.1795293666	44.56036023	29.7844314244	52.4694880472	9.6516260956	49.5307512712	23.4993456399	48.1950722239	20.1513503596	47.1826595374	19.0351789294	46.9282999788	23.1309555934	49.5623964192	26.9973219809	44.9257490532	24.5028560755	44.9224952179	29.6278143912
72.592253353	46.8748502504	79.6355037069	62.9386656294	74.8905777736	47.6662847824	71.1484831517	49.5952365708	73.3368017022	66.6787892481	78.3074289111	56.8292862332	69.1349875316	58.3910511925	87.1259939122	55.6125876086	72.3853130727	46.3283565639	69.9483308064	64.1535079721	90.0882871502	53.970567826	72.4049669829	64.8957030418
68.1299701779	36.6510664072	82.8702195445	38.2226517177	77.3894825577	48.6402797353	78.7827700641	30.459916441	74.3861985733	29.6294865923	73.7452822404	38.9279294466	65.5759535731	33.3828240374	74.1996469328	43.5601106626	71.9485752225	45.7540201982	69.5512117382	37.1278826199	90.1183237988	44.5087917247	69.7179190697	37.5626107976
41.5972371838	37.1300897885	27.2152761994	34.3448257149	24.9163564173	46.2173546283	23.9290508921	46.1977549528	35.9190066719	29.6295043362	34.0151832414	41.3483492829	27.2451476903	43.7179242475	34.1359692999	35.099541256	43.680108004	46.2360249978	30.4398739375	35.6541667471	10.377901228	43.3148203094	48.2884283315	35.8242139259
33.5046489247	16.3804053754	39.0406421141	21.720038218	45.1710312756	19.9037148059	34.9534279317	29.8874895018	44.7091527296	9.52775959396	39.1241989616	24.934955541	44.7678395396	27.5437545036	27.4863539663	29.2858363196	40.8288445842	21.2383352683	30.390990001	22.6656400822	9.62636551633	27.0431111995	40.3713532584	25.2290383197
56.3214352431	11.500461393	55.1776854663	16.4131300359	53.7333027198	20.032921014	63.4691157437	10.0521063621	54.5904833029	10.1869652547	59.9921705382	0.583460384601	55.5344440688	14.040211345	54.5896768547	4.37220938158	62.9219034267	28.9885205406	65.069247075	0.506549946181	64.1032669919	0.855751852483	64.0708791423	29.5739871943
62.7107796325	30.859564167	63.9462931682	29.5752853168	53.7453148597	29.5565065477	62.776487068	30.3745301059	54.7212876128	29.629140181	56.0541713663	31.7703885683	62.2105217571	37.3507412024	62.7290949451	31.4618167132	54.5239829061	30.1604252789	53.7951243718	30.5365361414	64.0914762617	29.7067895472	53.9765261028	42.0091547516
46.1524042858	65.029605567	44.8593507006	66.7246192904	52.3927289692	51.4953916139	53.3915573646	49.5602998291	48.6402963081	66.6748948059	51.2370263755	59.285146518	47.9428984102	49.2970773698	52.2123475626	53.4517570604	49.3845589859	63.2972721768	50.4228461441	56.0706425831	53.5512718521	61.1274198077	48.6369013192	63.5743764384
67.6221580756	61.7098833676	84.8179502015	47.309979839	53.7360486922	49.9679801682	61.4275372499	50.169176438	58.4330349577	46.2454640363	60.4527852565	48.6849870551	55.2263610742	46.9731818075	55.5272330225	52.9164416817	74.6674738634	48.7528249453	65.0728464367	57.8145893461	64.1011668744	51.3649919909	62.1389994964	47.2842778238
53.4424193947	67.5197369838	49.6875056531	76.0643009154	52.6825906195	80.1685231308	49.6977293729	69.5079176658	49.9253533685	90.1896166844	46.7752951104	72.0445407841	53.4955173054	75.6454949537	46.2010490565	74.1966874321	52.1123614917	67.8017397372	49.5589292647	67.8897257518	44.9252139342	75.5136129249	36.1500606498	80.5379372449
50.0606256356	28.8073653892	42.7332481765	21.0131957379	45.1998534229	19.9276504525	40.9610576971	29.707210219	37.474792426	10.1984149224	43.128286031	27.5122473508	44.5044579821	27.8664190831	44.8263988392	13.8951802183	39.400223076	14.9487266921	45.8958725821	29.3779851953	9.77865697022	28.7964626748	33.4303891642	16.5380712594
70.8633410205	46.1911840322	83.4566840279	53.1786215586	74.7973877899	50.4290547237	66.6074987076	50.164993723	68.4153058163	46.2418378358	69.6362220853	47.6185225257	68.8582701572	62.9806538866	74.817305328	46.2082377865	82.090036423	56.1569903339	70.0330425051	48.4052566927	89.5130819627	46.577470581	55.6916955081	55.3542462668
47.141829887	11.467266592	44.8391201305	18.3134623175	47.8972129898	20.0093786231	45.0897944373	9.53614719254	40.4376368538	10.0886621322	46.4709841814	5.21476901715	45.9763821496	5.14826044743	49.0881400366	0.63194519308	45.5012114959	21.7214776933	50.1683226697	4.62792712874	44.9261061028	1.75336312781	42.8158048864	27.9704654695
50.1255490239	66.5038710457	44.8600461285	66.7212981804	53.7310674096	49.8949376445	53.3101913025	49.8813351303	50.0268510846	66.6750569928	52.3864641734	55.0080239919	50.2403488357	47.350594082	53.6369320356	51.5392534145	46.3893833014	62.7371755695	50.1517878115	62.7949855204	53.5474134662	53.0862413993	48.466439698	64.0380288468
55.7030672131	10.3950797728	61.6680461454	19.1101773187	73.5161030865	22.0156472624	71.7183337165	10.4879971572	65.8275009164	9.67819516406	64.2629374002	8.42485404019	57.6124895161	14.2032050072	67.4957761206	20.2413249971	76.8185752954	17.4298839329	69.685617757	18.9689981912	89.9606886473	9.73832936047	86.8349082184	16.5562694419
27.5128293086	21.6833944405	37.8990743755	22.4585882151	24.4286119571	20.8157567532	20.577487553	10.0676044194	26.7696161231	10.3510995083	25.9372409847	13.9394376553	30.0883482587	19.1533655008	15.707777631	17.8589612925	39.523584247	16.9839160387	30.341829941	23.7050234122	10.3796068899	19.3732345421	33.2138095849	15.9280506618
62.987288455	30.5731903631	54.2150702945	18.8557607627	53.7348422878	19.9435612416	59.5986017445	29.8054478022	63.8883642985	10.2759124554	54.7127776986	27.1983258631	53.8508475495	17.0530329238	58.4897179253	27.9696282896	53.2148771765	28.4665487193	53.7977920186	26.0881132388	64.1015696873	24.4739601349	53.8048965144	29.5918892358
58.5656453664	28.9989488655	63.9559596949	29.5933502577	64.3650127347	29.6206974329	61.3042231321	30.4298067969	63.1675282331	29.6295259187	62.8591383541	32.2444123718	60.8087833386	36.8990335284	63.7610613314	31.7208119242	62.2846726991	30.1163076915	65.0565072052	34.3039813033	64.1015413453	30.3973651899	62.9966894204	46.1645686965
56.7468163043	11.9470381775	55.285370586	18.8415587977	53.7324829653	20.1942124563	59.0842055498	10.075080878	61.5801459381	10.1432489557	60.5412793272	1.98201266252	60.3606982982	7.76951192118	58.9274895048	11.0544457418	73.7407890574	18.4842835898	65.0842765641	8.08451925421	64.0973134309	0.869584108906	76.2922948237	29.3883146128
35.5893183312	16.2109510223	44.8526100488	20.0002643619	26.2751936962	20.483905199	39.1217140856	9.75493702502	41.0659110167	9.75577743946	39.2555191053	3.23484009237	42.8413142869	5.03590203376	38.5797860471	6.96900391796	40.9604644067	23.3537844709	29.9478111021	2.67812974284	10.3680729734	2.49435788125	28.017461687	9.68157091587
60.763598169	31.5904119347	63.943097127	29.5719231836	53.7445410418	29.5630121776	59.2691048005	29.6518369424	63.7904380127	29.6290531183	59.5333940207	29.5129682368	63.931241097	29.5271054681	61.4263604538	29.9462420091	64.6042576566	27.6402241876	53.8038997709	21.3945741117	64.1028081697	27.6792524649	53.7790380099	29.6045571132
41.9398751313	83.7424075746	31.4190782874	67.7406223518	22.7221948792	78.9107237144	37.4927209587	69.9349651761	29.0977686881	90.1626193348	37.1677812428	77.9227566101	33.1642522036	97.9779093583	39.2123686386	69.2453661249	42.1294178059	67.7380707318	30.1379175802	77.3761525014	9.55851105292	88.3376146606	36.4699028759	78.9959025883
50.2811427353	64.5387031986	44.8422114491	66.6937397115	50.8066692605	47.8913687262	49.8313779903	50.2270082644	53.2959768171	46.2415911479	46.7729666217	49.9101790273	52.6836670508	47.8691218629	47.0832126339	48.7732962433	46.96429789	43.7357349914	50.4521174246	52.8495052505	44.9242655602	57.7281520432	53.6428060916	57.5926696764
33.084603689	18.4955169559	31.8623259263	28.6878201931	27.380537129	18.626224724	22.8337189963	29.8774748294	23.0853938252	10.0922296633	26.0590798262	23.5767461803	24.1576939449	23.334019368	32.9044510871	30.3442653802	43.686981305	19.147201452	29.5812657447	21.5055659656	10.2012412991	15.8896411961	33.8026060046	17.8630598406
37.3807805498	55.070933192	44.8021342786	29.5646548165	49.9526357867	46.2190756093	44.9927477187	46.1977564686	47.1950679584	46.1791676448	45.642333901	46.1606149737	52.6703077282	46.0442655573	46.681416735	45.9564606407	45.8465128005	44.1417644985	50.3242391032	37.7613024524	44.9264386843	41.0192036312	53.3333191122	42.1822091111
77.9845326551	77.1907728476	63.0711703816	77.1050787242	73.4326655415	80.9022717314	64.712331434	90.3806898427	85.1045801763	90.1015201133	77.1184352257	92.1524073907	68.6908350764	79.1230259985	83.4514340339	82.5805798971	58.4035555433	90.4763801472	70.360312783	91.3280762828	90.4643308082	97.3389217278	81.5489903755	77.084429827
44.6946904879	13.0027786699	45.0261851217	19.557327252	45.1918276342	19.7650675898	35.0959282091	10.4452061536	33.2397133699	10.0487144064	41.3971055659	16.3395327685	35.5090335238	13.7840682533	41.1658555194	10.9298876934	41.2576159614	16.8637886583	45.8929753813	17.4639181963	10.0884836956	15.6603626339	36.1538525379	20.180766477
64.5021104486	62.4162070509	76.8562400754	66.7430501083	72.9408484688	48.3096522079	68.1406555158	50.1266871894	69.2394076371	66.6786068095	67.6237266365	55.3555230436	69.3572274542	58.5489126371	65.7710459811	65.2537578676	65.2610749488	66.295395178	70.4407652366	63.8829570923	89.7771898675	60.0013356937	62.4423431754	52.9361407264
65.3048916729	82.536088317	64.345354523	77.5668933228	73.2149508423	80.726793749	77.4640407498	89.8507682125	74.554792184	89.9773800054	78.6944284536	91.0519005025	64.8986505392	86.6583909876	86.7855015801	84.1839317644	64.0492162387	68.6968166775	70.2088857434	92.3974091302	89.9643036027	99.2336000178	81.7018065064	77.6699173894
43.2951387231	61.8639707857	28.9473501935	63.3201342138	45.1857590673	50.2045917612	38.3734460252	67.9059556419	39.9264823381	66.6785971744	44.1914003424	60.3477148741	39.9716694697	59.6069412773	38.5209538292	66.2555798808	37.8446988979	63.2552225549	45.8917934964	60.5794392812	9.76236750521	58.1157229882	48.6738122838	64.3782538798
66.6508645044	13.76304617	54.3875653993	16.9444894618	53.7322614031	19.913365384	61.8487640775	10.1002237354	53.9913914512	9.60026835832	56.4321635388	18.5019042466	53.8963674314	14.8993873637	56.3103513961	24.0205270495	53.8569095389	29.4391052281	53.7959113639	23.6056262372	64.0913771475	17.8262749871	53.8020864697	29.6088588481
62.6760850596	64.6883922425	74.7475989461	66.7131532512	64.3749136326	49.9058099709	60.8572951272	49.8079150908	62.1090865001	66.677751643	63.9154408733	55.5715864741	63.9578249587	65.7064484748	59.602915986	60.8604017557	65.7855375766	65.0618900915	65.0785738416	52.676929319	64.0998069959	51.266257	56.4285684217	54.8587373224
64.2901172528	64.4058146838	63.9561109221	66.712623405	53.7333199191	50.0278491919	63.5372914273	50.0226356433	57.4624110855	66.6789812892	55.3430884226	50.6588161179	53.9236019233	48.2621901966	55.3570362427	55.9855788923	45.8530566385	44.8771650197	53.7967892115	49.2653546362	64.1036520168	48.3324092659	61.5079288252	47.9678277894
47.7157041914	12.0134196364	48.468496432	19.0546627725	49.2635865358	17.7082926375	49.1254030691	10.1494481847	50.9680032206	10.042567974	50.3527426877	18.4425859785	51.5521459375	18.9954853018	45.6916407701	16.7071016771	47.9708659763	24.377475597	50.2043383411	1.28438534319	53.5512669402	28.0868193253	39.5434706968	24.7671984137
62.3348796566	84.7803429398	63.9654850734	77.0717290632	73.5773522781	79.556469945	70.4686009708	70.0799767149	66.2041773631	89.7266014664	64.410453894	74.7016847088	63.9904680031	68.4450877813	68.0344147957	69.079693478	64.1634516317	69.89015604	70.272601515	68.8611694026	89.8314637927	76.2994040167	75.2898445527	69.5299282175
75.6097263977	79.2608621923	63.9745785422	77.1922479589	72.4745036192	81.2425047452	72.1776242575	89.8844607378	64.7165440257	89.6288805124	67.8537006216	90.9782943002	65.8807151837	84.7475458753	62.5817301851	94.3768451288	58.612663875	90.6806994176	69.6165866094	92.3741989334	89.8319056593	76.407825207	75.4209293616	69.1322103737
37.921207877	56.2788149172	25.4362861972	50.9243733083	26.578025408	52.5098550984	45.7365671028	49.6525160079	40.1686885362	46.2452561238	36.0668525678	46.7771018934	23.8374934196	47.5167462375	47.2431412427	47.7807183214	38.8679591695	52.1848835723	29.8425400864	48.9726641076	10.4773466341	50.3094644596	53.7032641121	46.264710346
73.3348402614	79.0019638257	73.6045591088	71.1306459905	76.3974495734	80.1235661307	68.9766941857	90.1919647246	72.0073906886	89.6586897299	66.8847012287	86.597929143	72.3614086322	80.0042435766	65.4205178186	95.4691447901	53.7208762353	77.2686150964	70.0111269836	87.3766895638	90.1505012289	87.5494708946	75.2696971015	69.2605916432
53.4604725127	67.5150197766	49.5415762874	77.0009398643	47.9716897666	78.1119331777	41.1926436079	70.2903024553	39.8027117577	90.462270247	48.1322033888	74.1680443399	50.8272310243	77.6574022857	44.8451715177	74.4612773451	52.2691604479	70.2004469961	50.4782730579	75.0657940801	44.9281890281	71.0227329072	46.0669019033	67.9538851314
72.8141691684	50.2296492016	63.9615020626	66.7160431215	53.731486844	49.878678552	54.0529288466	46.2421615847	60.1373454157	46.2445420121	57.9877595341	46.3640224394	54.2356255212	46.4532527211	54.8948245239	55.7836308935	46.6270373892	44.0593393108	53.8001952482	48.9403780375	64.1037862636	49.1152568987	60.7544857488	48.4511629631
56.5739220161	29.0819909418	63.9544749812	29.6348219007	53.7438084441	46.2066813652	54.3789331741	30.2844575911	54.4627450792	29.6320532943	57.279473983	39.2244044428	55.8995450768	42.5257409421	60.318916943	31.5756242572	60.8057905289	31.7421703488	53.7958351443	38.0945627704	64.1013910168	41.5238409261	55.2607379302	43.5235273291
52.822899259	29.7746323986	34.1017676497	24.6073383845	45.1740775349	19.8967256647	47.9187995781	29.81035177	41.2936614122	9.98306735782	42.7317067706	27.1053007737	39.5395041343	29.0587503334	29.6015598538	30.8219032114	42.2422515557	26.1261814377	45.8715189588	27.2945603983	10.3603173672	22.3439567142	42.8860393124	28.9588790746
41.718940292	12.4391272992	44.8131642613	18.1068440808	45.2071597622	19.7522483044	38.4282218364	10.3625448883	31.8116216545	10.2395300514	41.3433769218	17.5565871076	28.5456659584	21.1017191744	42.2250121628	12.5974693198	43.8553719684	19.8415645814	45.8764257814	16.1261428038	10.2464037386	19.117888159	36.1613315845	19.5234585057
58.3522901155	28.879882035	80.6525112512	34.9742017471	53.8048953754	46.1835361844	55.9094199812	46.1947984629	54.8603563832	29.6306171953	54.5300116922	45.1212923634	53.8758628294	43.9861575882	53.8369467415	46.2125751389	46.0781324019	43.4035912234	53.7972000876	42.4995842966	64.1039389328	42.0372597248	54.0095354092	41.8922169199
35.7480647815	44.4246170395	23.0458649433	46.7061752673	25.0492506915	46.2077954045	32.4662477737	50.2015489217	31.9515255123	46.2441641115	36.2615304473	47.1868575228	20.89373586	46.3768224496	51.2822597101	48.8305594579	41.0064171899	49.0385329634	30.2658578978	46.341371936	9.75380303061	52.2194081981	53.6835015751	46.2752967106
48.3031192459	29.995304138	44.8079606089	18.5806303992	50.0549581606	46.2159334382	48.2496451674	46.1964540475	46.9367608117	29.6295766642	45.89536139	43.0091090793	52.9435279717	44.8554409226	45.3907899623	44.1709349345	46.6002015864	42.1121769084	49.9474416051	43.5631307464	44.9249589609	43.1403500232	46.0461741585	32.5793367543
27.8191826375	20.9272222994	38.1951893873	21.4153619124	25.9580330111	18.4398923535	36.4089299197	29.850568655	46.0834783495	10.3298764909	36.7428693581	21.318797784	43.6270182634	23.9793112452	30.1449027362	28.3893828096	39.1884131588	16.8497214766	29.8760682448	16.5619427534	9.98526514843	20.2323038468	41.1560115292	26.3410325683
36.4625691638	45.5532040386	26.7440303219	33.4547616163	45.1677754837	46.1289548403	46.4372675172	46.1966216894	49.6238722823	29.6284130701	44.2730279654	43.0976170646	51.3784780062	45.941938958	42.1523724667	40.5541413045	44.6843049581	46.3312832047	45.8817743161	40.7881766465	9.95334019759	41.3477033186	45.6942487792	32.0296908717
89.2075001968	55.6166016842	84.6361467748	54.9341469676	75.900293509	49.7585950902	88.2544177206	49.8451683718	83.9065859185	66.6781233248	90.8189821192	52.9117912654	91.331027763	56.6958965394	92.2353193505	64.1416281144	85.7300657118	63.5430546262	89.5495558497	56.0144573776	90.2566331886	47.3131579643	69.2338625132	61.3012975108
53.2705125529	29.2990691184	44.8309989547	18.7151195826	51.239421156	20.9053122773	46.6752456112	29.8717540346	51.3854840075	10.3268510169	50.2495137191	22.5105551702	48.0152104966	21.4074931121	53.1343815676	20.6538836627	48.931929175	25.3739474109	50.0637023432	12.3801611391	53.5484225486	20.7107732745	42.2225183264	28.2938712042
35.442553517	51.078255725	23.3540954423	46.9351148724	26.0612106085	51.1271389617	33.8325144711	49.6059928793	33.2601446852	66.6785789176	34.5302742892	55.1525286173	39.0428770689	61.1656107215	29.6414797463	58.8414053442	42.6615193708	47.7621891292	29.6620297191	58.3446882792	9.76692911224	51.0745969806	50.017321956	62.4020902967
47.1159278956	32.8052017671	44.7946441856	29.5800931938	50.0550214959	46.2190448032	53.5607359801	30.3037945454	47.0312348738	29.631839272	52.2933015779	39.0275321146	51.7160211985	46.0198243946	46.3946670071	44.4260943697	45.9499688201	41.0309004235	53.6648761442	42.6467474363	53.5466704011	33.2415833505	52.3720073058	40.660548475
60.8754322855	65.0612534196	63.9323247784	66.7536012234	53.7398348168	50.021630975	56.4772278959	49.5640832077	59.120654939	66.6762766702	60.3723009041	59.4480651933	62.5759909583	65.3436448271	61.9226426444	61.7007909647	65.463211845	64.408113865	65.0765876858	56.9061849803	64.1012266288	59.8826007406	62.3430366452	47.4137616548
68.4323607451	82.5874946089	63.9512317995	76.0657594005	76.5518295001	82.2931898981	71.4078877661	70.1247980763	69.0577105911	89.901758156	70.9826609713	73.9097293958	75.7147816815	75.8720865412	72.3455854775	73.2793721486	63.4157216558	71.1260909576	69.6891396086	78.5439767841	89.9719105066	71.6568778167	74.8454194152	68.5742646155
64.0418594148	67.6386156115	73.2622067742	69.623770207	76.0208883537	79.5407469064	64.6840008294	70.3195742892	74.9259198129	90.1982974999	69.3511769343	69.6848425533	64.7315420816	67.8512939018	69.1234434742	70.2977188548	63.2470069726	72.6594580825	69.7870049439	70.8688275869	90.431862645	81.2919921362	74.485194084	68.0456457941
59.5946270913	84.3465971459	69.0387722552	73.943359934	74.9465636265	77.3300059921	64.0912419885	90.0818927305	67.0778216266	89.8214467309	64.7606448508	87.5143671854	66.4032931526	84.1063128838	69.6629745295	97.3730011724	59.0986262345	90.2790023887	69.9022315874	88.1425672893	89.5552979338	78.4492842599	76.0645875635	70.6268317922
44.8127179864	67.5423881484	38.1888684849	71.6622192689	45.1861629623	80.1630114838	27.8858656454	70.221355967	46.5993241973	90.0844746646	37.5739383201	68.2599582353	30.4594720942	70.5104041188	42.3525068864	70.2917229305	42.3408672122	67.7253460359	30.1148534283	78.476690483	10.4609844453	74.7205260058	32.7894918831	83.7397559531
37.9265883434	13.6486445511	44.8038821628	19.0622709823	50.5622931563	18.4777431548	48.9776205076	9.88786469241	46.4727203263	9.62988615972	50.3719234268	18.8511111632	49.3633735891	22.4696922132	48.3549774852	19.0202957387	49.9882317878	25.6688430062	49.9495923013	17.2664065328	53.5493563915	16.2750769612	43.0102982575	29.1012186202
63.6660562369	32.4321198116	55.6714175531	19.1092970598	53.732023454	20.1095115983	56.2972788005	29.6726700725	54.461704458	10.0797614659	58.6103385138	25.3264185715	53.9871072368	15.6884357482	54.7533188036	22.0372336613	62.6489421333	29.4105942635	53.7964030183	27.4478559975	64.1021347183	26.240381195	53.794583847	29.6235549002
62.880271803	64.3795512139	63.9509009996	66.737013402	53.7370739662	49.9971351064	62.5818119372	50.0257111955	61.4891344501	66.6748042396	60.974068899	52.1737161474	55.0638406812	46.3235031492	56.034285109	58.5770586898	69.6262534558	62.9331604168	65.0499113364	47.5098504005	64.1023296219	58.1562877964	60.8646748195	48.777111446
46.2994814326	12.0836174399	47.1978955569	18.20530433	51.3475467203	20.8443454981	49.223195948	9.71741786448	53.530680127	10.3510612232	51.2716198477	17.7989003539	49.9644579878	21.4214868388	49.006829248	17.7884933934	50.6523018591	26.2789656589	50.3841320497	17.5486381061	53.5467987216	23.3541459499	39.9952117919	24.2505814389
39.2127322322	38.8035096796	26.977550986	34.8591044151	24.8943088229	29.5457047163	40.0416960073	30.3249024009	25.6405525024	29.6314102381	32.5306118335	35.1442358024	33.9630048607	33.4790813295	34.5646324916	36.2405091926	43.0747773706	32.4579871019	30.2657216293	32.8539672446	9.52981365343	38.2375318415	44.8906398206	31.5908284166
70.938148492	81.9007690061	65.4809743759	76.9535921057	72.0502237568	80.0584781932	70.1700988868	70.2072723964	72.2319489256	90.0832683988	67.0286227706	73.7120880682	65.9471628934	84.2076906577	69.1721854613	70.5417497421	65.0094515298	68.6896111744	70.0631848089	83.5543467585	89.5957731597	77.5787883042	74.1947890868	68.3911334511
69.2309000922	57.6712215924	83.9307534932	56.5629399727	72.5238579166	49.6122453346	73.4130966108	49.7497257277	63.9977412215	66.6713164245	71.8231621294	51.801994236	76.9875885688	55.0254017678	76.6014988533	48.2337170728	74.9533702554	48.4235888591	70.3169425039	55.1429789996	89.7612849566	47.7310000182	58.0486994545	51.9229068153
46.3282995077	84.3703873335	48.1119844597	76.06245009	49.6969891613	81.1043011033	48.8354546358	89.9957478472	50.163490682	90.3199985959	51.7258753296	88.2598907844	52.4182743164	95.7965533316	47.7428654488	79.7137783872	55.6652426744	83.2219443348	50.2235201212	82.8030371894	53.5511201363	90.6760710569	38.8602674191	75.6905736285
56.2821870037	65.718643187	79.8383596101	64.7805590185	53.7322712548	49.9191542597	57.7158349916	50.0331801228	63.0588056725	66.6762775213	58.8293506485	59.1523350502	63.248381695	64.2624684806	62.059957808	63.6989547371	66.9084744547	62.9302895181	53.796224091	56.2138414128	64.1038192807	57.0527870533	57.7596841778	53.5959816374
46.6558549739	32.6905635722	44.8241456747	29.5646545521	49.878391718	29.5477052424	49.0212969917	30.3116194346	45.7604908012	29.6301318185	47.8245168621	30.3736430952	34.7022972352	35.1828820584	53.6428354539	29.5391028146	60.589039464	31.4027414733	50.1743059267	33.0424965732	44.9254967078	35.5738840756	45.5014660297	31.0806351075
62.492063655	64.0673927059	78.8405767694	66.7153175756	53.732145952	50.1040901659	58.9473755018	49.6602761717	60.5248884359	66.6743132663	58.7120492807	53.4741104036	54.2831488679	47.4982198015	57.5160864884	55.5003205954	66.5930825081	63.1944191179	53.7963458261	46.4957105851	64.0970170973	48.6504529816	53.8488198705	57.5455535876
55.5247141639	83.8998262726	63.9656782169	77.5302791523	53.7312997726	79.9258597762	62.2467669739	90.2641149316	61.8475424492	90.118586971	58.4273620799	98.8086066907	62.3437650982	90.2662523328	57.20328372	86.4976329769	57.1257173569	88.3259476495	53.7986241578	95.4803764503	64.1032296153	91.1601596556	53.8300960697	67.8292685152
78.4392019454	75.1103862669	68.7633096169	72.7591650092	76.3494370459	79.805613775	99.7313398004	70.4823030268	90.7595820103	89.6521442402	84.7671857056	78.3829828693	79.8777370715	70.3122031022	85.2184944294	84.1556509629	81.6278524446	67.731602656	89.5642816858	75.0457681174	90.0978304553	74.3680260262	79.6145245757	75.2613304561
53.4422886743	28.5639050385	44.8093507464	29.5821400993	49.9673258651	46.2168025189	49.4959633924	30.4187762878	52.7792251901	29.6280159527	53.5371603018	37.2178686292	53.1675247966	45.0249282707	53.6347673387	29.5416976594	53.9273658696	29.5191543086	50.2603364198	39.7499178485	53.5321259646	36.069342161	50.7623993583	38.0661067146
52.9941269425	85.0624178786	48.3498716751	75.8106026344	51.7493950778	79.0762115105	45.565006972	89.5534991921	51.1881387724	89.7884333607	52.3698071509	90.0798651909	52.7902145423	95.6105458596	52.5213779603	80.0152357344	54.2613959174	76.3502627897	50.3763692197	90.7225043993	53.5502210199	88.4451465097	35.647088653	80.9248787398
43.2261351059	12.8367356038	38.4420284267	20.9177955143	23.483462877	18.8835844854	41.2027753259	9.98058616957	39.0167706365	10.2519188453	36.6424287184	14.1205994871	37.89274987	10.3620532707	45.0217415004	13.5909806931	41.4579713535	25.3576701582	30.0879983472	13.7158784612	10.1542068351	7.86913521379	30.8884102424	14.0042756834
50.3335863914	29.5152587141	28.2700421277	33.0880859039	49.8107791396	46.2164846256	51.5615410542	30.3639063083	45.8300112099	29.6282926766	53.1898904001	36.31819696	53.6155470018	45.2526880526	50.2393142611	20.7107164813	54.3753526618	30.5034632009	49.649184951	32.3587253723	53.5510836859	39.5729573005	52.2281146102	39.991859732
34.3546429697	16.8491691298	34.9987621296	23.570169377	26.6620056796	20.8082567642	27.705172593	10.2768822864	25.0670257825	10.0145213888	22.9556917312	3.28795271471	35.5129737815	13.9333548595	38.8986881339	6.97825672294	40.0664525998	16.4857325119	29.8265136194	12.9923773123	10.2377770553	13.4697578839	22.3813663332	3.22651939287
52.1269442819	65.7087814723	29.6339152203	66.5073912185	49.821303115	48.8302350093	52.6010193325	67.9178032693	52.1231447902	66.6778499607	51.4897928186	66.2761429234	53.6168849166	66.4614919918	48.6760099318	50.8872336194	51.1195946618	66.5269977672	49.9030563251	63.2036781787	53.5506115168	66.2339819851	47.0757628935	65.7869038344
22.440774275	26.8556212211	31.0922347706	30.301807128	22.7943575676	18.7821465049	16.0531694315	29.9000593629	12.9906632884	10.4033981702	17.4726406031	26.3816538233	22.083528415	25.4118741157	22.874009968	20.8828563606	41.8829720837	17.3930600976	9.72517787827	26.8552221277	9.91469081339	19.4671201548	32.8717470471	16.7735059109
54.1434873246	65.3671314268	69.4739174664	66.7196408882	53.7319666793	49.9806230783	58.6313386682	67.9287846415	55.9774761954	66.6759341251	56.1119002815	64.973613647	62.6327830669	65.1447156056	55.3462672712	55.5219858928	50.9289690071	65.7611459612	53.8035850899	65.4575252187	64.1033359329	62.2918839067	56.6043264562	54.4983113844
51.6920538296	30.9199301607	44.7944389084	18.7389272385	49.4995182387	19.1209590989	47.5266942605	29.5223914033	52.5273294762	10.3840465922	48.66259658	25.1442381682	43.2085572725	24.1387350834	53.6506246673	21.4008524399	43.949656855	20.4358303114	50.2509032486	29.5040105221	44.9262716111	20.8290486406	41.825251824	26.5432869775
44.261136936	63.1765187392	28.8147614417	61.3538656259	27.1367646302	50.5749733201	32.5579648896	67.9352073243	35.7984768314	66.6775728723	35.0097546447	61.8414463794	40.9677506045	59.8391700647	32.941497421	62.2381377845	33.3397995419	56.4055505723	30.2296362492	54.7675207046	10.0086696196	64.4188204089	49.0878274586	63.4501065886
64.9962886337	31.6787324958	63.9451674262	29.5711838265	53.7487177624	46.2137638866	62.489229287	46.1950650461	62.0493787626	29.6280468781	62.0582574774	40.5892174066	57.6120669124	44.4187813648	61.6558688856	30.2776949786	56.047980199	32.4199046536	65.0379034363	31.8401211637	64.1035393997	38.6651683758	63.128187246	45.5521893371
37.2582481182	56.0425246688	27.2912369672	57.4249819558	45.1653613757	49.7816909668	38.0416194458	67.9212927868	38.5500317479	66.6774795962	42.7602301599	65.5735927972	35.8790359796	63.3081967624	33.0398061359	64.8676644418	32.5692968965	63.013550341	45.8768166226	59.6615838489	10.1821747995	54.0362986196	46.9711868777	65.9338848394
53.4738257505	67.5214592539	50.8903910206	78.8620256702	51.4818459359	80.4684799761	50.7550614329	69.9109446536	47.2397592668	90.1560375825	51.7819495499	69.1587743442	51.7524470384	76.8161421896	49.0565866266	78.6859744549	52.7292942055	70.474136631	49.6401674154	73.4953723162	53.5509599907	73.1207991556	45.6231201744	68.1505834016
37.2881816798	51.9952155929	24.8876071458	46.2600674497	45.1372110657	46.1846194785	43.2002911328	50.1721205533	37.8133860671	46.2422988312	39.7684052539	46.2641493457	45.5714784149	54.5311220433	45.6172469234	46.7093584164	42.6853154423	48.134934635	45.888843677	50.8730601929	10.276499247	56.2771715646	53.6712403497	46.2612294671
47.5323570544	64.6213053828	44.8553246398	66.7256210807	48.4171954137	48.443088354	49.3922472083	49.5678295448	46.5618100517	66.6684848198	49.9037438242	51.5643036666	47.1445612166	51.0724353135	45.4177556351	47.3199898121	45.4762941512	45.1541748491	50.2378617054	60.3293602032	44.9244752069	56.395568705	52.8198219505	59.3552821871
69.6165791889	81.2750615312	69.0378891007	72.6200977515	72.9026942326	80.1807365533	65.3435936466	89.6054098465	74.341817551	89.8918342349	65.9508065333	81.54311104	65.8060993318	83.0453491346	76.6462192769	75.6072970014	59.1256517803	89.0028630304	69.7096316011	72.518202464	89.6048751807	84.501204535	78.5831480952	73.3714562997
48.2730939272	10.269262438	45.9702798131	18.2398117534	51.8903200569	21.5928640306	46.8154644265	9.71550919102	44.8095043253	9.64648598654	45.7255676885	17.6088516715	46.6128831019	24.9371595019	45.2215629004	15.871958048	46.1545791967	22.0024312601	50.2651864074	18.5159479927	44.9248966055	14.2702203575	40.5519009909	26.2389833387
72.0567174361	80.620791055	70.3799567421	74.5271606537	72.6434869593	80.4395066927	82.3310004107	69.8393873487	70.2561639944	89.8579728616	73.2476800243	76.3457223656	77.9974763199	69.3251622613	73.2020872135	72.9823086286	64.0971191572	70.4075603122	70.3244788177	85.9032081733	90.2027997072	76.4124405039	75.4400219158	69.2541583457
68.2912366902	58.2081428128	78.7068568778	66.7453442735	73.5706870471	49.6527369507	66.8642543425	50.0086694511	64.1651697926	66.6767269263	64.7406276978	56.8564285768	66.1644041768	61.7815758877	62.8836064108	61.3422729046	66.9922851933	62.8918881864	70.1038996568	53.1688346778	89.92145147	46.2627877111	64.1258676538	55.4455867403
41.7874702197	13.2096068334	33.4635065134	25.8762115621	45.1853256796	19.6911440014	21.1979811612	29.6417755215	35.441928797	10.1381833912	39.6911524411	21.5543827363	44.83563431	25.3417974352	37.0717635436	8.45267810632	40.5103569541	22.1597326773	30.3960242214	22.9494842907	9.99681967546	21.3909268557	37.8735100164	21.8029902896
71.7375625625	43.2315035602	81.9693977242	41.0368052955	75.1767884663	46.2134934891	67.9245629829	46.1977784313	69.401125284	29.6306389621	65.1849858944	42.3342953927	66.4780820742	34.62570252	73.6258206395	44.8173747246	72.6122729261	46.2129487972	70.4559718746	43.2192212113	89.7364682173	42.5462887781	68.7145365419	39.5906995504
45.3409781765	32.6055017192	36.0009907298	29.6856714154	50.0272653219	46.2184009563	53.3140148151	46.1867782879	52.3587807822	29.633543244	46.4543030372	42.1013187786	52.2310100989	45.9782838827	44.8591026333	44.1309543604	46.1437386937	42.9979721334	49.6629866297	38.2221429667	44.9278286288	41.3040824134	49.249235828	37.0345032098
85.4899929367	66.1312587029	82.8531781259	56.0603619117	75.4639390164	47.2092358066	83.6820778271	49.9542112106	79.9198446292	66.6767387021	85.1014120196	49.879922604	78.6681836606	49.0909674878	77.3462214336	47.5051457088	72.5749357549	47.0507129891	90.23242515	55.5887513479	90.2770618713	55.4574967602	60.8970395068	48.4835859329
54.7427084542	66.6768963209	63.943118166	66.7474339382	53.7322298373	49.5308836158	57.1592640589	67.9257069398	60.2434660551	66.6705802677	56.8076429645	61.3912422242	63.7388284747	65.6199470097	58.8150324422	57.0119089696	48.8145977851	62.8679367354	53.7971477676	49.3823005192	64.1035466043	62.7688596981	54.6132872582	57.1754521423
65.2272806649	32.1430580166	63.9148082668	29.5827837982	53.7517007926	46.212422418	57.5109642825	46.1976936301	60.5809045022	29.6283908618	62.089831145	43.2953528917	62.0211562503	40.2356473525	61.898578376	30.1871804116	72.6685799174	46.2007364044	65.0708303248	45.2402541865	64.1014502291	35.4156133339	62.8670019301	45.7481026037
52.1170844433	65.1130050546	44.8635658466	66.6611650064	48.11085764	49.5847028963	48.08799245	50.4164442525	53.1088936799	66.6775258195	50.3739521609	52.7076059349	50.1146996457	49.4650401784	53.3756781688	54.2815441022	44.8865700995	46.2139331072	50.3972395584	60.742448209	53.5507025957	49.7140977061	50.6101670803	61.702953849
76.9638160181	76.8803944809	64.454106833	76.5291538937	74.0501642465	80.7428631219	73.4560896548	69.841556306	66.8761177027	89.8345224785	65.9897949653	78.1267826946	71.1692034745	78.5498944475	78.2686890272	77.09357217	64.2373005485	70.588166665	70.2375748049	82.7035192223	90.1795599425	76.6331961895	80.0186114349	75.6868889974
53.5316566354	67.5324600055	50.2090208725	76.6511520598	47.2721508858	79.152768557	44.9718057251	70.0308403368	49.1530400286	90.1393587391	47.4033148956	71.7343964656	49.9935270781	80.0554266808	44.0761939769	74.7949734721	53.4163447846	74.527470537	49.8560829864	71.3115412902	44.9258222612	70.7450579851	43.3606233266	71.2399306597
70.0812867103	37.2813915634	83.4036460646	45.0296676164	74.8872640858	46.217058542	65.2450558805	46.1960040743	67.8029286742	29.6281599779	65.2987403534	44.2958416221	64.8341679059	35.6922676369	65.2227104192	34.9305683977	70.6834906496	45.0672912081	70.0447307842	37.8335191955	89.5977100422	39.2651411691	65.4491192526	43.1454515935
49.7704581363	84.1398966597	53.4728588994	77.0987579665	51.9901962614	78.5331818473	52.5738327774	89.8227390021	46.7803632314	90.3667003651	49.3171390944	98.5149448495	53.0058283177	97.3604049423	43.4170757178	95.2404727499	54.3999005102	79.6831137612	50.1127416787	93.4106066169	44.9676641264	96.5895864629	35.7137153415	80.792505227
54.6530980358	67.5197923506	73.2692460024	69.2512863403	77.3798789708	78.7218959622	70.7128201158	67.9137752408	68.1012880645	89.6424715084	71.1123423883	68.8231486421	76.183519602	73.8702819747	70.1026517846	68.3902646637	64.4927256556	68.1314340124	69.95981979	69.0272391875	90.4375228492	70.3344232632	75.5593019067	69.3576092548
51.3879477978	29.091745185	44.8141220143	19.0313154014	47.4227226886	20.7309801387	50.5725037487	29.6041294742	48.1475142137	9.76152066171	52.313818423	27.8787342702	51.62712467	18.5688151043	52.5821377881	22.5261803876	52.9992250242	28.6014615627	49.7073744387	16.5920333621	53.5509446203	28.0529946964	43.3035222351	28.816368241
60.2898435415	31.883284274	79.2132562322	32.1301384673	74.8345364525	46.2154581285	68.1999097704	30.372698017	67.4534086625	29.6285987094	64.0379035674	35.5295377024	68.2889927346	29.7516291743	62.6921135994	32.5936504069	60.749484988	31.2320456092	65.0707135021	29.8925069002	64.1038589697	38.8909782265	74.4790257646	32.1600993436
34.8560961146	48.5731365752	44.8346199707	66.667364835	51.06092466	48.327272002	50.5666923784	49.9690108952	49.5001145834	66.6786865514	45.2692918023	50.6774651068	53.4906295093	47.150142876	48.5309729285	50.7520475088	42.858776314	47.4004833906	50.4270605737	50.4074081917	44.9259751746	51.1911381637	50.4517085335	62.512291164
40.2857783561	35.8648978059	25.3735361829	39.1160230814	24.7164168248	29.5464787751	39.0850609692	30.4964243627	36.4890410795	29.6295086424	34.5734013121	29.761074167	34.4732303635	37.1985854477	37.419075038	35.3086972041	45.3076535146	37.3107121734	30.0699654924	32.8933478622	10.3342245302	32.2057065395	45.9189505525	31.8515022623
