dataset	x	y
slant	65.2497991023	80.3818734121
slant	79.6045044614	43.4097222233
slant	31.3421091514	41.8262917123
slant	52.8870780644	31.2783201553
slant	54.2637860229	49.8154312865
slant	60.2856234441	87.4356704623
slant	43.3859499505	14.4341005043
slant	72.2719941209	26.5963575652
slant	33.6668525501	5.39969623814
slant	61.5459350672	31.0489656296
slant	47.138241688	26.7495939707
slant	42.4714502115	63.070319005
slant	78.5347248803	76.7284494842
slant	57.1176315681	68.3233350818
slant	39.3683052928	57.3481448332
slant	87.149805517	57.0971323103
slant	83.8678042122	90.5051457633
slant	55.7663806259	8.6888179471
slant	47.0176954472	61.2270187283
slant	72.4861782202	47.9877392942
slant	45.2276805752	92.0723693814
slant	41.7003275847	14.0219598235
slant	44.6439155683	60.5889586942
slant	49.7423401581	53.9690541666
slant	56.1213206005	81.0569766394
slant	58.1792288609	56.8054794652
slant	62.8155813447	75.1705329159
slant	55.260420032	37.8733990471
slant	48.439965815	44.0339683769
slant	31.9344795339	8.56988494242
slant	61.3926581368	29.6750368361
slant	81.5840496376	88.7460050809
slant	63.5596041464	12.7717311268
slant	50.1185854501	83.3714927504
slant	52.316461897	65.7505604096
slant	34.5602758643	92.601427282
slant	42.7616885528	86.9644443227
slant	64.1112132083	97.0241743853
slant	69.7553397049	70.9579698042
slant	68.3173818542	67.885687055
slant	59.2581808443	33.2256040173
slant	30.6880647283	31.8170470289
slant	53.9317996538	85.3865445554
slant	44.8050377252	22.6987372585
slant	39.8316284819	39.6213794448
slant	54.2261512489	68.3000890559
slant	64.6525019627	41.1435973982
slant	49.0438595208	42.9555725563
slant	80.9207582219	60.1244235979
slant	50.3193301987	42.1121869369
slant	57.6416201395	84.2406303119
slant	42.1029335967	38.4957429771
slant	47.7436373804	56.5062985216
slant	61.0346068127	26.0737305291
slant	27.9781288537	7.66815961724
slant	49.6106350071	70.8548717332
slant	35.7743082965	88.4866299688
slant	63.5436367972	59.4623115581
slant	66.7242052801	43.6330950601
slant	78.1295000171	31.5554036332
slant	50.3449670891	33.8075445162
slant	61.7671934488	22.7723184176
slant	62.5540261425	0.988793884246
slant	64.7176835559	44.0360977049
slant	50.1904861261	69.4430883802
slant	40.7257338923	15.9110002842
slant	19.5111256951	40.5254075186
slant	17.2757496846	43.9042051485
slant	19.0987441501	15.9098818674
slant	57.8196482564	14.6455302081
slant	77.9447182338	98.3558999444
slant	67.5152547813	32.4815461847
slant	66.3944897635	7.68426897046
slant	81.13760725	48.7354871815
slant	60.0343851145	43.5893183244
slant	56.7049700568	43.6290549111
slant	44.9146813375	43.1372264189
slant	49.5307512712	23.4993456399
slant	78.3074289111	56.8292862332
slant	73.7452822404	38.9279294466
slant	34.0151832414	41.3483492829
slant	39.1241989616	24.934955541
slant	59.9921705382	0.583460384601
slant	56.0541713663	31.7703885683
slant	51.2370263755	59.285146518
slant	60.4527852565	48.6849870551
slant	46.7752951104	72.0445407841
slant	43.128286031	27.5122473508
slant	69.6362220853	47.6185225257
slant	46.4709841814	5.21476901715
slant	52.3864641734	55.0080239919
slant	64.2629374002	8.42485404019
slant	25.9372409847	13.9394376553
slant	54.7127776986	27.1983258631
slant	62.8591383541	32.2444123718
slant	60.5412793272	1.98201266252
slant	39.2555191053	3.23484009237
slant	59.5333940207	29.5129682368
slant	37.1677812428	77.9227566101
slant	46.7729666217	49.9101790273
slant	26.0590798262	23.5767461803
slant	45.642333901	46.1606149737
slant	77.1184352257	92.1524073907
slant	41.3971055659	16.3395327685
slant	67.6237266365	55.3555230436
slant	78.6944284536	91.0519005025
slant	44.1914003424	60.3477148741
slant	56.4321635388	18.5019042466
slant	63.9154408733	55.5715864741
slant	55.3430884226	50.6588161179
slant	50.3527426877	18.4425859785
slant	64.410453894	74.7016847088
slant	67.8537006216	90.9782943002
slant	36.0668525678	46.7771018934
slant	66.8847012287	86.597929143
slant	48.1322033888	74.1680443399
slant	57.9877595341	46.3640224394
slant	57.279473983	39.2244044428
slant	42.7317067706	27.1053007737
slant	41.3433769218	17.5565871076
slant	54.5300116922	45.1212923634
slant	36.2615304473	47.1868575228
slant	45.89536139	43.0091090793
slant	36.7428693581	21.318797784
slant	44.2730279654	43.0976170646
slant	90.8189821192	52.9117912654
slant	50.2495137191	22.5105551702
slant	34.5302742892	55.1525286173
slant	52.2933015779	39.0275321146
slant	60.3723009041	59.4480651933
slant	70.9826609713	73.9097293958
slant	69.3511769343	69.6848425533
slant	64.7606448508	87.5143671854
slant	37.5739383201	68.2599582353
slant	50.3719234268	18.8511111632
slant	58.6103385138	25.3264185715
slant	60.974068899	52.1737161474
slant	51.2716198477	17.7989003539
slant	32.5306118335	35.1442358024
slant	67.0286227706	73.7120880682
slant	71.8231621294	51.801994236
slant	51.7258753296	88.2598907844
slant	58.8293506485	59.1523350502
slant	47.8245168621	30.3736430952
slant	58.7120492807	53.4741104036
slant	58.4273620799	98.8086066907
slant	84.7671857056	78.3829828693
slant	53.5371603018	37.2178686292
slant	52.3698071509	90.0798651909
slant	36.6424287184	14.1205994871
slant	53.1898904001	36.31819696
slant	22.9556917312	3.28795271471
slant	51.4897928186	66.2761429234
slant	17.4726406031	26.3816538233
slant	56.1119002815	64.973613647
slant	48.66259658	25.1442381682
slant	35.0097546447	61.8414463794
slant	62.0582574774	40.5892174066
slant	42.7602301599	65.5735927972
slant	51.7819495499	69.1587743442
slant	39.7684052539	46.2641493457
slant	49.9037438242	51.5643036666
slant	65.9508065333	81.54311104
slant	45.7255676885	17.6088516715
slant	73.2476800243	76.3457223656
slant	64.7406276978	56.8564285768
slant	39.6911524411	21.5543827363
slant	65.1849858944	42.3342953927
slant	46.4543030372	42.1013187786
slant	85.1014120196	49.879922604
slant	56.8076429645	61.3912422242
slant	62.089831145	43.2953528917
slant	50.3739521609	52.7076059349
slant	65.9897949653	78.1267826946
slant	47.4033148956	71.7343964656
slant	65.2987403534	44.2958416221
slant	49.3171390944	98.5149448495
slant	71.1123423883	68.8231486421
slant	52.313818423	27.8787342702
slant	64.0379035674	35.5295377024
slant	45.2692918023	50.6774651068
slant	34.5734013121	29.761074167
h_lines	66.1289943124	89.7589534965
h_lines	85.9414160569	49.5940455398
h_lines	25.9561810969	49.6060457792
h_lines	49.2220046712	29.5611666893
h_lines	51.0068105636	49.6458971004
h_lines	65.44791301	89.6753407443
h_lines	38.7382231919	9.55814412551
h_lines	74.2234343161	29.9365075076
h_lines	35.3701853385	9.62922573406
h_lines	55.8629759671	29.6383941606
h_lines	57.8080741834	29.5975814144
h_lines	38.4815139226	69.6831007069
h_lines	71.3191259472	69.6725096257
h_lines	64.2824414077	69.6633039536
h_lines	36.4545329489	49.5262071774
h_lines	81.9057973346	49.6878577262
h_lines	88.4261334422	89.789680977
h_lines	56.1499215042	9.52473928648
h_lines	41.0671483861	69.6930910673
h_lines	66.5801582732	49.6370707267
h_lines	45.1010870075	89.6359196029
h_lines	41.8682815667	9.5594300983
h_lines	44.9183598062	69.7064370227
h_lines	49.9836336405	49.5411007292
h_lines	63.0489390768	90.1326401867
h_lines	65.9779486991	49.5299744131
h_lines	63.0900986335	69.7035049483
h_lines	53.9622555388	29.519462426
h_lines	44.940503726	49.5032264782
h_lines	24.2894639128	9.71728979838
h_lines	59.4733114174	29.5077376008
h_lines	84.0880764926	89.9619980844
h_lines	61.6804508052	9.65851368173
h_lines	56.7552726568	89.6025978471
h_lines	57.8339971221	69.5858218302
h_lines	35.2434972375	89.6127083498
h_lines	46.8389615755	89.5180892942
h_lines	62.3815046648	89.5890294553
h_lines	73.184806549	69.9219475767
h_lines	58.2846685874	69.5241836171
h_lines	64.2254023895	29.6289099903
h_lines	28.2136857113	29.5775683669
h_lines	54.8573949212	89.7131120445
h_lines	48.6989351647	29.5111673702
h_lines	47.2098416215	29.8150505578
h_lines	46.735403365	69.7365896346
h_lines	61.7416127968	49.6225215428
h_lines	58.1329708262	49.9217877442
h_lines	70.37822956	69.5940999621
h_lines	50.219789802	49.5897995734
h_lines	57.8998879041	89.5532825826
h_lines	38.5860501261	29.5030675716
h_lines	40.7404061311	49.5019206754
h_lines	52.746389936	29.5058935981
h_lines	31.3590644671	9.57707333668
h_lines	50.3411970469	69.6411197917
h_lines	38.7124490094	89.8173005454
h_lines	59.0880792217	49.5102935945
h_lines	67.0804009022	49.5225208341
h_lines	75.4813986223	29.5976282536
h_lines	43.4281967866	29.5732802136
h_lines	51.4902089355	29.5723363662
h_lines	59.144785577	9.79616123918
h_lines	49.073717039	49.6158124629
h_lines	57.0875607327	69.5203664521
h_lines	40.4267671705	9.51730277335
h_lines	25.890267819	49.5463965045
h_lines	23.5709092792	49.54133265
h_lines	14.7962428278	9.52843141165
h_lines	56.1244967553	9.5027531606
h_lines	71.7274592102	89.6440523053
h_lines	66.4701696872	29.5131373215
h_lines	71.8127443114	9.63545332115
h_lines	85.997720135	49.5282472428
h_lines	57.1435429638	49.7597900979
h_lines	61.3210962782	49.5945353752
h_lines	49.6868092436	49.7130901444
h_lines	53.7796709791	29.5616422469
h_lines	78.7614987159	50.0899081218
h_lines	71.7672321408	29.5321491209
h_lines	29.3643959416	49.5301772936
h_lines	44.5440520814	29.661281654
h_lines	57.2645294143	9.50558241624
h_lines	56.5311192119	29.5982231809
h_lines	63.51868644	49.6615569244
h_lines	56.6024044464	49.589807291
h_lines	48.6608760838	69.5392107996
h_lines	42.3389038783	29.7191381742
h_lines	70.0708400547	49.5371765808
h_lines	50.353965879	9.61659899697
h_lines	49.7254488467	49.7691758937
h_lines	49.6713724887	9.51141090975
h_lines	28.7366325674	9.62168676932
h_lines	54.4164944099	29.6933755968
h_lines	63.8876746308	29.5605932575
h_lines	61.0089959621	9.56408658357
h_lines	38.351123931	9.50517509693
h_lines	53.2788275977	29.5800278536
h_lines	42.7539545815	69.5448295322
h_lines	51.40683464	49.5127307485
h_lines	29.1353097657	29.6476113303
h_lines	50.7058580458	49.5900984286
h_lines	73.7192801639	89.6250307415
h_lines	42.3914199313	9.51085241999
h_lines	64.238099481	49.667282978
h_lines	75.4658231729	89.5701173547
h_lines	43.5355511551	69.8022628259
h_lines	56.6455284536	9.56795636591
h_lines	64.8817827824	49.5223607029
h_lines	53.1826375952	49.5792906103
h_lines	49.0019343675	9.51314147118
h_lines	66.1769921164	69.8677292155
h_lines	64.6896340773	89.8804768823
h_lines	34.0161641016	49.5923131741
h_lines	71.4912567944	89.779520813
h_lines	37.8276395996	69.7771406255
h_lines	64.1861995591	49.4996052109
h_lines	58.2509400812	29.5053628912
h_lines	45.9814961806	29.8026603538
h_lines	41.4594860523	9.51510814628
h_lines	44.5187768636	49.5412547105
h_lines	36.1830557018	49.5655904728
h_lines	52.3794998192	49.6427569923
h_lines	31.9792879527	29.5098860158
h_lines	41.7323964659	49.9885480173
h_lines	83.5505483996	49.7433465894
h_lines	51.0466439119	29.6348173571
h_lines	35.2208281028	49.8246276902
h_lines	56.1078154776	29.5897014114
h_lines	52.3050356595	49.586029536
h_lines	65.1829663096	69.5356497432
h_lines	71.7499169467	69.5816407003
h_lines	73.3533905524	89.7280834699
h_lines	39.0257199089	69.7925041639
h_lines	50.9518060784	9.56757750393
h_lines	56.1850795225	29.7272917464
h_lines	55.7047279218	49.6997257124
h_lines	50.6789672694	9.68187618873
h_lines	33.4031658184	29.5662653577
h_lines	67.482077177	69.6257273029
h_lines	69.5249496468	49.7418302092
h_lines	61.4465491669	89.9299387054
h_lines	70.259594146	49.5410037293
h_lines	49.8252928807	29.5119296683
h_lines	58.6561396379	49.5078191964
h_lines	63.6535736001	89.9117908486
h_lines	89.5199216536	69.6213689098
h_lines	59.2602403146	29.5925410843
h_lines	54.6140799031	89.5190185351
h_lines	31.3609499678	9.55828087147
h_lines	58.3656336584	29.7009467641
h_lines	24.0248866	9.50177668105
h_lines	50.0745509698	69.8948534841
h_lines	11.197851234	29.6061393437
h_lines	54.5263017574	69.7995711789
h_lines	55.2926295285	29.8720061971
h_lines	43.1671727103	69.8134584091
h_lines	65.9235673197	49.5314146343
h_lines	36.5101399692	69.5717553448
h_lines	53.0336707961	69.5954263098
h_lines	37.7292304723	49.5220928555
h_lines	48.0477293132	49.6156425795
h_lines	69.5499462754	89.9104611135
h_lines	55.2946405658	9.65280890816
h_lines	77.9209150204	69.6563169591
h_lines	62.3538609914	49.7241800426
h_lines	41.7635727792	29.525716257
h_lines	67.4640887007	49.5186509596
h_lines	52.571282651	49.5993534846
h_lines	80.8146550388	49.6273622127
h_lines	55.0000382918	69.569366071
h_lines	64.7173880599	49.5918779658
h_lines	49.2430004869	49.5134390301
h_lines	56.4831269583	69.5710248572
h_lines	55.4341035864	69.6341056637
h_lines	58.4294445586	49.5799412382
h_lines	50.9726760429	90.4484143288
h_lines	63.7985862345	69.5619308052
h_lines	55.7157783767	29.5022035434
h_lines	63.8475160562	29.5347722075
h_lines	38.2233733229	49.8536386224
h_lines	42.6492040606	29.5079304906
v_lines	68.75993372	69.6600186743
v_lines	68.9109817395	43.9516343765
v_lines	31.0477377318	38.5919733019
v_lines	50.5071465502	28.3506119378
v_lines	50.4971751879	39.2102930718
v_lines	69.0581296244	90.3389746066
v_lines	50.5466626677	12.1768930736
v_lines	68.6520092992	25.427666718
v_lines	31.4227862977	3.23202607679
v_lines	68.5744936232	32.2506267505
v_lines	50.5083772892	23.7889033344
v_lines	50.5229370816	67.1350652103
v_lines	69.3306369961	79.0324023546
v_lines	50.5934644939	78.8908534039
v_lines	31.9883721758	61.6767284602
v_lines	82.8700591508	54.7922151216
v_lines	83.7507134192	89.0470302484
v_lines	50.4966347831	7.92656295329
v_lines	50.4963906004	56.2576711816
v_lines	69.4038173545	47.6251945241
v_lines	50.5034557746	88.5288961133
v_lines	50.5686110971	13.5523453485
v_lines	50.4879380522	64.7153761482
v_lines	50.456119949	56.3360681835
v_lines	50.5083890347	78.1275123883
v_lines	50.490038892	56.0767594347
v_lines	68.9444985082	75.5106323999
v_lines	50.4738691224	38.8370545598
v_lines	50.5056940821	43.5750715484
v_lines	32.6087239082	7.07069648516
v_lines	68.036676048	30.638833645
v_lines	85.0313543882	85.8641080468
v_lines	68.0276293683	14.8727854501
v_lines	50.5467109258	82.1971468372
v_lines	50.5268866997	71.2557475719
v_lines	33.3064896931	94.3075611526
v_lines	50.5055053078	83.5120455982
v_lines	69.0855189987	94.3774383809
v_lines	69.0917437115	64.2617434459
v_lines	68.1487313545	65.2183636428
v_lines	50.5105578759	41.1427599607
v_lines	31.3536314601	30.6024276393
v_lines	50.4941185589	86.6924703161
v_lines	50.490141218	28.7986373911
v_lines	32.4613327269	38.8626120281
v_lines	50.6013476599	67.3603381762
v_lines	68.5809513753	43.6493441532
v_lines	50.5194941956	44.3632577577
v_lines	85.4841524862	64.1555551532
v_lines	50.4896439847	32.056464478
v_lines	50.5184960597	86.697015072
v_lines	50.4975288918	40.0069007188
v_lines	50.5665425103	57.1605458032
v_lines	68.8933277694	33.6424515568
v_lines	32.4408511177	4.78923365254
v_lines	50.4938105052	71.2198730593
v_lines	33.8822583817	86.1066981751
v_lines	66.7170193214	66.2490390394
v_lines	66.4656906658	46.163492394
v_lines	68.9608653295	34.1616935215
v_lines	50.503940735	31.9104898315
v_lines	68.4693532958	21.1159951007
v_lines	67.0298582176	2.10035602261
v_lines	68.6522168371	46.2202044066
v_lines	50.4805757201	70.6048559087
v_lines	50.5088300139	17.2788283324
v_lines	11.5781620643	38.8173254587
v_lines	13.8287697805	36.7848003207
v_lines	15.0162963158	13.7052666362
v_lines	50.5137557286	16.1767014993
v_lines	68.9071601418	99.4020669883
v_lines	67.2687476268	33.7571580148
v_lines	68.6944075476	10.4222406113
v_lines	83.806077295	55.7920791514
v_lines	50.658148199	43.1988565784
v_lines	50.5013569779	44.816870933
v_lines	50.4906817878	49.3074384861
v_lines	50.4942366787	19.2711219984
v_lines	68.3603876727	51.9522486263
v_lines	68.2385188309	37.2084168067
v_lines	31.9110255713	39.2046101432
v_lines	32.7343804069	23.9749957215
v_lines	50.5239527421	7.97872729724
v_lines	50.5151421492	39.5386252529
v_lines	50.6339962709	63.1908435017
v_lines	68.3684713816	47.4836242917
v_lines	50.4965578443	63.9311058069
v_lines	50.5098482375	21.8912400238
v_lines	68.7712333947	51.4083817668
v_lines	50.5095188094	2.4284637327
v_lines	50.8830340978	58.9073829515
v_lines	68.4718943272	13.6605643632
v_lines	33.3105730248	14.0156511817
v_lines	50.4990887394	14.7610789974
v_lines	68.136866713	31.8800131038
v_lines	50.4997121232	5.18211247539
v_lines	50.7245171394	4.22092876774
v_lines	50.4836575864	25.983153175
v_lines	34.600724139	74.580799771
v_lines	50.5051470858	58.1097863348
v_lines	31.9273353428	18.2452410916
v_lines	50.7467217507	46.8611040986
v_lines	69.0599900296	94.0182408253
v_lines	50.5528084414	12.5285522342
v_lines	68.1130628556	53.1719870384
v_lines	68.9009665872	91.7659880623
v_lines	50.5125894486	67.0990512674
v_lines	50.6433480576	21.8076091897
v_lines	68.7150764885	52.7839240768
v_lines	50.5094281681	58.3349054063
v_lines	50.5102676927	19.275278754
v_lines	68.8755679825	71.81611673
v_lines	69.3528450421	85.2024656993
v_lines	31.592491511	46.5525616212
v_lines	68.7152792139	89.800543242
v_lines	50.7464104076	67.6866861081
v_lines	50.5147200943	51.7692441926
v_lines	50.4855925972	45.0640220551
v_lines	50.4961070936	30.9566185758
v_lines	50.8939617067	17.8979192857
v_lines	50.5334297151	46.1165674327
v_lines	31.4075931099	39.5576209008
v_lines	50.5106479209	35.7609310166
v_lines	31.7447176563	15.1553267336
v_lines	50.5283792653	45.2925329434
v_lines	84.7381057579	57.57152424
v_lines	50.4960462619	28.775752956
v_lines	30.9024665339	51.3979227214
v_lines	50.4990447704	45.219311508
v_lines	67.4836234184	58.7608751022
v_lines	67.7912232301	76.6345549657
v_lines	69.478095457	71.6466840898
v_lines	68.798837139	88.5662367162
v_lines	31.2194812334	60.7497323694
v_lines	50.5124479961	19.7877612592
v_lines	50.5021389989	29.6734435663
v_lines	69.2956313871	53.3111234754
v_lines	50.9568786264	20.8191365864
v_lines	31.179108228	37.2644589281
v_lines	68.0060993451	75.2331666566
v_lines	69.1966419802	57.0105100516
v_lines	50.502999124	86.1430443949
v_lines	50.497404115	58.6335403234
v_lines	50.5010434804	26.9487857692
v_lines	50.5061709575	40.6870937167
v_lines	50.5295078804	89.5070565762
v_lines	85.3789318379	77.0909732521
v_lines	50.502367777	28.2419589386
v_lines	50.5002004285	94.3258321374
v_lines	32.9380427093	8.63978961486
v_lines	50.5044821749	38.2669994603
v_lines	31.9061819625	4.09004916255
v_lines	50.5146669474	72.8389401608
v_lines	15.4234924837	24.4294436709
v_lines	50.4970288362	60.8725160956
v_lines	50.5147481143	27.5220118937
v_lines	31.823457401	58.0353997928
v_lines	69.2222738169	38.320686636
v_lines	50.5486961277	66.5047967709
v_lines	50.4868166013	69.0395731799
v_lines	50.4767272764	42.1540722918
v_lines	50.5664383268	55.2166554481
v_lines	69.4276602398	80.8817003321
v_lines	50.5164841444	18.7714619401
v_lines	67.717859049	77.420423327
v_lines	67.3252661847	59.2108714884
v_lines	31.2807594765	28.4032209379
v_lines	68.4440956963	47.0594283761
v_lines	50.4998642204	35.7727775003
v_lines	83.2417661385	49.2468151243
v_lines	50.4992572732	61.3509393048
v_lines	68.2450551484	41.6621136629
v_lines	50.5059850839	56.7111827006
v_lines	68.9797275966	85.5207962242
v_lines	50.5743164216	72.6262620941
v_lines	67.6799259207	46.8313098387
v_lines	50.5124816586	91.9553135211
v_lines	69.0808816745	70.9612413759
v_lines	50.5031351875	27.890942171
v_lines	68.7125615627	31.9667249678
v_lines	50.4868921879	53.1447883604
v_lines	32.7828205264	26.2908249077
x_shape	73.5903699859	69.5270836832
x_shape	68.7072898141	38.3277570945
x_shape	44.5642755003	28.2045604709
x_shape	49.7318636789	36.4034411358
x_shape	51.8403333942	60.9378520826
x_shape	74.4089014534	86.9051267536
x_shape	37.3493143351	13.8151142571
x_shape	75.3003973169	28.0784301604
x_shape	31.9341629094	6.87485022983
x_shape	68.7507446317	38.0882713213
x_shape	42.1302582214	22.335473782
x_shape	43.0864776264	73.4663617619
x_shape	79.4706855234	76.1201351758
x_shape	46.1561969508	68.9012346509
x_shape	46.7210413293	67.3628995927
x_shape	71.1533577125	65.9012713517
x_shape	85.8377465069	92.0370719114
x_shape	42.0339062359	13.1457789906
x_shape	46.3105751297	67.8561777133
x_shape	65.4904306312	42.3494103768
x_shape	31.4366774132	87.8793889162
x_shape	34.3300944594	10.5447873599
x_shape	47.6863713156	68.2371127216
x_shape	55.6381793157	56.2112651171
x_shape	42.2845233983	77.7314044329
x_shape	51.155171523	62.2064403753
x_shape	72.5222385192	66.7633447673
x_shape	53.2279099318	40.7247610101
x_shape	51.498178531	38.6879013225
x_shape	33.8961392671	8.38441732947
x_shape	68.0510226482	39.0577487499
x_shape	84.302149359	88.0648682379
x_shape	72.8582115694	25.5214507511
x_shape	36.0775484019	86.2211286622
x_shape	45.6479359878	72.5027798418
x_shape	31.3065182559	93.3131025046
x_shape	40.2970493877	76.6481360928
x_shape	76.414249807	95.6766440312
x_shape	74.7373562098	69.4249567725
x_shape	73.2934351358	67.8898101605
x_shape	48.1936779788	33.8661680504
x_shape	42.8097972569	27.4810168145
x_shape	42.13830188	82.8167079439
x_shape	42.0629913039	24.8016620852
x_shape	47.4962935844	32.9238593005
x_shape	46.8295222456	67.2781623072
x_shape	65.6465150013	42.1275534705
x_shape	51.9771413805	39.1487390678
x_shape	68.3698169768	61.29270056
x_shape	47.3256967414	33.0688551253
x_shape	41.9626428918	78.3734717149
x_shape	49.458739911	34.8811550845
x_shape	52.9142169306	59.6337711669
x_shape	69.6855386666	37.1085137316
x_shape	29.07829422	1.97540150411
x_shape	42.407436228	76.0772509495
x_shape	29.9775918899	94.7780086892
x_shape	64.1983085156	56.0279201774
x_shape	66.2583111981	41.4217513731
x_shape	72.1483526217	33.6253512121
x_shape	49.9097323536	36.3698838468
x_shape	72.8447166157	32.9041285779
x_shape	80.7298314523	3.95398273306
x_shape	62.9985025827	45.5135779909
x_shape	42.7654531552	74.1472134965
x_shape	34.952017029	13.194010971
x_shape	41.7144344973	25.3169331656
x_shape	41.9750078187	24.6187159144
x_shape	31.3379668403	6.28662824831
x_shape	43.6627889625	19.7308320424
x_shape	87.2279956544	99.294222649
x_shape	72.7594324408	32.8983842377
x_shape	76.285247179	9.97607226119
x_shape	67.9785073643	39.197771735
x_shape	52.5382137225	39.8824614467
x_shape	60.5681475759	49.810218933
x_shape	48.0133908665	33.9460164665
x_shape	43.0570797993	21.4127184527
x_shape	67.5639073047	60.3749042903
x_shape	72.202257509	33.7971456887
x_shape	50.6795519318	37.4719827309
x_shape	40.9606244462	21.6569603492
x_shape	43.5337195806	3.27355835764
x_shape	46.7758685665	31.1362962125
x_shape	51.5075468453	61.4235935846
x_shape	57.8074318855	46.6079171955
x_shape	47.1695965154	70.793677218
x_shape	42.5103129015	23.023802132
x_shape	59.1222594853	48.7996576855
x_shape	38.1455324189	5.28846285593
x_shape	52.6698653514	59.9672629106
x_shape	79.4929759708	12.9013385267
x_shape	29.8032141867	5.19784254079
x_shape	48.6060159259	34.8741127416
x_shape	67.0230718419	40.4352219177
x_shape	77.0874498605	6.77381202599
x_shape	32.9638274223	12.1963332828
x_shape	47.4563974849	33.4568079676
x_shape	36.4159599258	82.3426860051
x_shape	53.7481379735	41.1299179332
x_shape	36.8103875941	14.6243209583
x_shape	55.2266717503	43.3881233394
x_shape	84.5184103867	94.5017550911
x_shape	37.7217019004	18.0122624378
x_shape	57.1513160296	54.3043122325
x_shape	89.1638748696	89.3897063991
x_shape	47.5960680435	67.0599531589
x_shape	44.0839808086	28.4531427686
x_shape	67.3222355456	59.9776127555
x_shape	53.970346777	58.3222263461
x_shape	40.5821345498	23.193847975
x_shape	72.1358226003	66.0148266894
x_shape	80.5661987672	79.3860100973
x_shape	52.081178532	38.664614177
x_shape	78.2959074615	80.9009883751
x_shape	43.0417365468	72.914360436
x_shape	57.8462873861	46.5640667963
x_shape	56.5537932082	44.9172932588
x_shape	40.7759312017	22.4965280155
x_shape	41.4686321434	21.2765237451
x_shape	53.3207105454	40.2958577294
x_shape	54.1787181963	41.9252481403
x_shape	52.2224415414	39.4857300768
x_shape	39.5894713256	23.1674666016
x_shape	51.1445896969	38.1685585049
x_shape	73.954314656	69.025919772
x_shape	46.6030787786	29.3203577253
x_shape	47.0588296198	67.9140671318
x_shape	51.2996556522	38.151390624
x_shape	51.6747930102	61.3069905569
x_shape	74.4877699677	70.2840828022
x_shape	70.9151728548	64.8743593268
x_shape	76.9253677933	85.8275947589
x_shape	39.2799713038	79.5306293291
x_shape	44.7641917885	25.4829270365
x_shape	45.6894919283	30.4982485081
x_shape	56.5656104828	55.0790049267
x_shape	45.3086600865	26.4068602066
x_shape	41.6464988427	25.8096287553
x_shape	70.9373508824	64.7354190204
x_shape	65.1226687541	57.2102883078
x_shape	42.0747025888	86.7621470282
x_shape	51.6938804802	61.1985058019
x_shape	47.8258653273	32.1475271621
x_shape	55.5797585237	56.8591764239
x_shape	42.4819427624	99.9405408863
x_shape	82.2586757782	80.6849741887
x_shape	51.0169456332	36.4703736318
x_shape	41.709425056	82.9514261224
x_shape	36.6416693695	11.7829499141
x_shape	50.1489594303	36.42168634
x_shape	29.2378419818	0.201588700168
x_shape	49.2409704851	64.6287137754
x_shape	32.2801934223	7.68228170481
x_shape	48.6535940233	65.1013350744
x_shape	41.9672327164	24.7383350808
x_shape	47.786047996	66.6584328384
x_shape	57.3614779333	46.0377041966
x_shape	47.3991211109	67.8245340581
x_shape	45.7754012678	70.2905446213
x_shape	46.5279078819	32.0969781607
x_shape	50.414496968	63.515688046
x_shape	75.6558080528	70.6232343768
x_shape	38.9350007631	19.9303438004
x_shape	76.8623729688	74.745466245
x_shape	68.3848142834	61.6475417891
x_shape	39.8149308163	22.568888749
x_shape	57.2787703942	46.0511276298
x_shape	50.3199373427	36.9141354617
x_shape	63.6232793923	44.7199882091
x_shape	51.1519525045	61.8363641008
x_shape	64.780951339	43.5362519863
x_shape	54.702571767	57.4194305761
x_shape	75.9669447908	72.9888833529
x_shape	42.4660072971	76.8475487077
x_shape	67.4328987652	39.9201854454
x_shape	36.8585151844	99.6860139919
x_shape	69.6473297403	63.5093554295
x_shape	48.1174941328	33.730109089
x_shape	69.1079175823	37.7777573003
x_shape	52.4419376013	39.3034927542
x_shape	43.7040069952	28.6001329398
star	62.3137275753	76.091352037
star	80.7628172724	54.577434209
star	37.5431182484	52.1688675844
star	52.2004411524	28.1891344547
star	44.55771777	45.8392299011
star	57.4860348787	88.5818415117
star	39.2469093478	15.3957364745
star	75.6391176725	21.8055710017
star	39.9574737179	18.777009537
star	63.0224149959	29.3862871649
star	40.7432624786	17.0986938751
star	38.6004798453	62.7856808534
star	88.1743708533	62.1805621185
star	56.5018445445	84.8824187987
star	30.2800808492	59.7416430134
star	87.9377177445	62.572162683
star	58.3509360562	91.8460179324
star	39.7317487579	16.6112710374
star	46.5242239801	62.933618023
star	74.295552598	47.774868335
star	58.8650876604	89.8465124909
star	38.6585332859	15.1763718793
star	40.1338272099	63.5409502694
star	43.3206411345	62.9362870565
star	55.4196525403	80.5933345856
star	65.2937038511	66.5443256428
star	62.2051155567	76.5527714059
star	56.4216512082	31.8443097863
star	44.0088662247	35.411439745
star	39.3307515598	17.3769911959
star	54.4343351879	29.725772785
star	58.7351075268	88.6529998634
star	65.3879921045	26.9040709129
star	59.9407524146	85.6143842598
star	50.3055424784	63.9892331343
star	59.1411156819	87.7014787302
star	55.7182351834	83.2206777679
star	58.9423531711	89.6034571903
star	65.6687699918	65.9287010083
star	64.6516960305	67.3926609171
star	57.1663834117	32.8798756832
star	39.4095177705	18.1256230468
star	60.2905339641	84.457096575
star	39.1055373508	14.8082724705
star	45.0356964438	45.0907268786
star	53.6934546274	74.4085116269
star	72.7365917102	34.023581537
star	44.0321090117	36.1939205862
star	86.1375877755	62.9877259799
star	44.5322697664	35.7025192817
star	60.8277878585	83.886575509
star	42.7818164601	29.162944837
star	51.0215608443	65.8751743454
star	58.2216397966	34.2113315098
star	38.877999463	15.1963244547
star	51.7961604486	68.1118377955
star	59.6450597255	88.4700640313
star	70.8691433933	63.4156885785
star	76.1249796617	50.1869055295
star	73.9114196545	28.7063498539
star	51.1869112651	27.2900016415
star	63.4560463762	28.4123788367
star	76.0006463536	16.0622689786
star	69.5325497584	43.8870076669
star	54.4387487909	78.242323901
star	39.5129176066	16.875198455
star	36.4702640886	54.2649356177
star	29.0470919528	61.4134359353
star	38.5529502569	15.0365131147
star	38.5108656716	14.5013195768
star	58.7801220533	90.561441082
star	73.7731937515	28.5893396825
star	77.0429813188	14.8506781401
star	85.4014121578	59.1985629919
star	60.4677962792	31.8088868508
star	54.4579248015	29.9867578316
star	46.3634509876	42.8089857456
star	38.8740385345	15.7954124534
star	79.8137045722	54.1157521223
star	71.9432676716	36.7407440439
star	38.2721131809	51.4735796301
star	38.9130363431	15.4899692415
star	74.7555977829	17.9382967887
star	53.7057060861	29.7249675938
star	50.2563299873	63.4916713626
star	71.9288792205	45.7575680331
star	54.4064015917	78.0934181879
star	40.4439638644	22.2012509584
star	78.5568343838	52.7439663471
star	39.6159864562	17.4813610987
star	50.6290476401	63.3157954023
star	77.3602148423	15.0333730943
star	38.5450321349	14.9609929903
star	41.7671420779	18.0819460543
star	63.6346163154	28.4148968087
star	76.8664907299	16.3888262472
star	38.9996749422	15.398903025
star	61.1037341824	31.0630989022
star	32.7357193671	58.2681122811
star	40.3268962476	50.2562688101
star	38.8435289544	15.3830284619
star	38.9720894675	51.4283179632
star	58.1419852753	92.4641823191
star	39.2563516911	15.6554996225
star	77.5048078526	63.1701682654
star	60.3042585363	86.1020652574
star	40.3623128634	63.3708110493
star	38.8520375212	15.3017987003
star	64.9851007919	66.9129302181
star	46.2831430196	44.5858632597
star	38.9790108301	14.7912978134
star	63.9208586632	72.6626592731
star	58.4567907471	91.0883971195
star	35.0705681662	54.7763996776
star	60.4562922052	85.5589584116
star	54.9670975336	79.3752215335
star	71.0358206277	45.5012218355
star	49.819028103	26.0631818036
star	41.2046648991	22.8884826143
star	38.8973487908	14.5684951867
star	43.0747680452	29.164874806
star	42.7892463641	47.3809757547
star	45.7990320984	41.6203580309
star	39.2313325864	14.6819535256
star	44.8572997366	37.5527243552
star	87.238260447	63.3603449303
star	39.7591387019	16.0581069663
star	34.6595066063	55.7964072648
star	45.0795042397	39.2460626831
star	71.4986084304	63.2664972311
star	64.6284484268	68.0176220577
star	62.6643017162	77.3047015503
star	60.8881776628	81.8282798624
star	27.5777447689	62.5184468587
star	40.1629157442	18.0084443179
star	51.0438829983	27.5320193458
star	65.344542801	67.0862321349
star	41.4759633693	16.9687852269
star	41.8602703588	24.871703109
star	64.0629875776	70.3632376694
star	81.4735845494	55.2475375605
star	57.9679167635	91.4961842339
star	65.9177021099	64.2159720089
star	42.16428141	17.5327909125
star	64.7816697483	68.6982776203
star	58.4367720788	91.7936776757
star	87.7471710197	62.3644884037
star	48.8207211622	25.3094332025
star	57.381422417	89.2189746857
star	40.5364610928	16.5513080945
star	48.8665345414	24.5751512892
star	38.7017401979	14.5673501826
star	47.3057414672	63.5356320946
star	40.0715151506	19.7628785419
star	50.9874160325	66.9708472018
star	39.7273219523	17.7427833259
star	27.8315530614	63.4577427226
star	60.7180453494	32.0223986097
star	40.2717738558	63.260469899
star	54.9542826669	79.6366538678
star	39.5584807511	50.7316883959
star	38.5408249205	51.6509540839
star	60.8818246549	83.691361165
star	39.0779817408	15.1217331245
star	63.4211270407	71.8215741252
star	69.6307974648	63.0262676889
star	39.9256760618	20.0072995211
star	71.3351179851	45.4809640835
star	44.9003990351	38.6621087066
star	81.0522739765	55.3514887285
star	48.6837128248	63.0244180536
star	70.0033169529	43.4749524852
star	43.3916127767	46.6762787816
star	62.5354760586	75.1119905477
star	53.5163193989	73.9696393907
star	70.0980666505	44.4516281802
star	58.9620236832	88.87563423
star	78.3696651505	62.940285322
star	50.6066453722	26.2695348794
star	47.9457694142	23.7863278211
star	32.1522204992	57.8496963526
star	39.8645674676	18.6409505368
high_lines	62.5180501128	77.7304039742
high_lines	77.0275099713	35.256099041
high_lines	36.4168029733	33.6941709516
high_lines	55.8552890639	28.2652860113
high_lines	59.3345151676	30.563865253
high_lines	56.5332443125	83.1989766153
high_lines	40.994045509	18.7435787938
high_lines	72.2693261094	25.4744205578
high_lines	29.5848891035	18.3332343369
high_lines	59.269111916	28.6591856136
high_lines	44.2178742721	26.729971038
high_lines	43.160973853	71.9773483833
high_lines	71.3331991789	78.0192137094
high_lines	54.7594508055	75.8827315133
high_lines	34.9761540776	66.790121633
high_lines	88.5627991609	68.873075125
high_lines	87.7165490922	86.0218354733
high_lines	55.2797013138	19.8536545418
high_lines	53.7731503629	71.7730894964
high_lines	67.3454995769	33.4121315583
high_lines	43.369247302	84.6288306329
high_lines	36.8393401359	14.9461219756
high_lines	47.1138372322	71.7676558262
high_lines	55.6528341403	68.9030528151
high_lines	59.1086758129	79.4376899974
high_lines	59.7163496515	69.4189628031
high_lines	65.840444075	78.0192792185
high_lines	54.1025408987	32.1055794913
high_lines	46.5547352337	33.8539185397
high_lines	29.9341093812	23.5274788426
high_lines	59.2807932878	25.7821658928
high_lines	81.5290248181	83.7357858431
high_lines	69.1100264472	19.0077912997
high_lines	45.8059147109	77.4742027773
high_lines	51.4700396011	71.2523547782
high_lines	33.6594025348	82.672031068
high_lines	46.7788016941	84.0143214755
high_lines	62.2131288445	84.4577327973
high_lines	66.3765199757	73.3313958529
high_lines	62.9025735266	72.6551922501
high_lines	59.7942974664	24.8479762314
high_lines	27.5237047427	28.5118165598
high_lines	54.7926544844	79.8805710232
high_lines	45.0831728157	19.7173078653
high_lines	41.1568022835	29.9976478802
high_lines	49.134144764	73.4943732127
high_lines	61.6433172409	29.5292601694
high_lines	43.2025720556	31.6391773287
high_lines	84.0455305148	73.7493737907
high_lines	53.4178308967	32.3892527357
high_lines	57.8377717072	77.7148526204
high_lines	35.3985584258	23.9646154573
high_lines	52.9471889594	67.2949854873
high_lines	56.4648123031	25.537074796
high_lines	34.7786561619	18.8305561608
high_lines	43.3830537176	70.3553892801
high_lines	36.9790005364	83.208466048
high_lines	60.0916287842	71.1588731845
high_lines	59.1198207921	32.9571065765
high_lines	77.5887728631	27.5221639118
high_lines	51.2747814593	27.7615792224
high_lines	59.7233478002	25.6634796282
high_lines	64.1555108297	15.468118633
high_lines	60.0152247274	35.6268381885
high_lines	48.193943217	74.9019107475
high_lines	35.7997224338	18.8587027396
high_lines	21.3347053872	32.6597072834
high_lines	15.1717916649	31.561846327
high_lines	16.7978816993	21.5423173941
high_lines	53.0845646429	22.1216786159
high_lines	78.9512096836	83.350408434
high_lines	60.3178522989	25.5238913182
high_lines	69.3537193067	19.9636681703
high_lines	81.6755378002	34.3507674608
high_lines	58.5543569865	37.7183648352
high_lines	52.8951875168	29.6197289118
high_lines	45.5915342478	32.5486973767
high_lines	49.7076079215	24.3464823347
high_lines	81.3836844236	68.0720736871
high_lines	76.988194785	28.5120436723
high_lines	37.0132393825	30.9360655007
high_lines	40.3210665594	24.4342983663
high_lines	58.4254580034	17.9590705009
high_lines	53.8911908152	26.4395912387
high_lines	55.8329769313	66.2961652929
high_lines	55.5524844723	31.9088407577
high_lines	44.4539255526	77.1335395595
high_lines	45.2657661955	22.4945773463
high_lines	71.1655507094	32.2075380536
high_lines	50.3879897882	17.2181498321
high_lines	50.5406472777	67.4660279954
high_lines	65.7175523439	16.6407013983
high_lines	24.9235632122	19.6574401277
high_lines	61.1102959766	25.8583650102
high_lines	57.1281218053	26.6671979417
high_lines	55.1088150391	18.3070400784
high_lines	41.4378714795	21.0357779427
high_lines	57.840544168	24.7442064706
high_lines	43.6141063425	78.3318184447
high_lines	45.4768330771	65.7558103326
high_lines	30.5986914249	26.2646336367
high_lines	46.1732522066	32.4674827356
high_lines	74.1640034703	85.8739325641
high_lines	44.9505883814	21.4411258134
high_lines	70.6063408095	64.3718611942
high_lines	78.7622164499	81.0767016507
high_lines	41.4856505182	69.4638623276
high_lines	54.9721268872	20.3193982533
high_lines	67.3869471106	67.6091749531
high_lines	58.0729718328	67.5352410613
high_lines	53.7419598031	16.3543344997
high_lines	64.5709488641	78.481397685
high_lines	66.750326078	81.244828486
high_lines	41.9128524399	34.8850608511
high_lines	67.5878550673	85.1288245695
high_lines	41.8914182002	74.0751560438
high_lines	56.0936470735	33.7048951699
high_lines	54.807933746	34.8238656601
high_lines	42.1041040475	22.0754807492
high_lines	40.6322278516	20.2134985881
high_lines	52.9473739254	34.6964496121
high_lines	37.1619145725	34.9270199582
high_lines	43.6260889369	31.348637041
high_lines	38.4578606572	25.1462223682
high_lines	39.8025029961	31.6694161868
high_lines	87.6953524862	64.1675056408
high_lines	55.0313695649	24.2329568985
high_lines	35.7875693564	70.4508935185
high_lines	45.7153978533	29.5048728853
high_lines	66.8294472512	70.9572107699
high_lines	72.7684415802	72.2759424228
high_lines	69.2157687261	70.6739445208
high_lines	65.2920773809	81.8698809666
high_lines	34.1693997898	74.6333930333
high_lines	52.2972508715	18.4544641946
high_lines	62.8920160731	23.9212796723
high_lines	60.2851241478	69.5922617796
high_lines	55.5667252079	18.7720780041
high_lines	33.6002874631	31.9702490493
high_lines	67.7380919972	77.8043458937
high_lines	72.2912258294	68.2846141662
high_lines	45.5148736705	83.6231138223
high_lines	60.5318650331	69.9040392495
high_lines	47.0121406417	25.164203411
high_lines	57.2857197502	67.4571845337
high_lines	61.0599302102	82.4506990912
high_lines	85.9092091977	76.8860961186
high_lines	54.941128709	29.9598560406
high_lines	54.2175644964	79.3122954394
high_lines	40.442412783	20.1777987813
high_lines	54.8350710379	27.9551470357
high_lines	21.6478432609	17.0578454027
high_lines	49.7407040525	72.3438433698
high_lines	23.4135107237	24.1160607719
high_lines	59.732748768	74.5995813235
high_lines	51.84188275	24.326537989
high_lines	35.1858799938	71.7877972645
high_lines	64.7894961861	28.6067623899
high_lines	39.3233407753	72.3579996199
high_lines	49.7222837847	72.8586203342
high_lines	46.8377217616	30.9104421207
high_lines	56.4486800942	66.246165661
high_lines	67.6408762363	81.0638026744
high_lines	51.0887333136	17.4207079071
high_lines	70.190150431	79.8160434122
high_lines	65.3288389858	69.9687837238
high_lines	36.4135340707	20.7575456385
high_lines	67.3338017288	32.7200934885
high_lines	50.4660915116	30.3719906993
high_lines	85.0253168668	69.8491345567
high_lines	57.8179140686	72.4076932358
high_lines	60.0625439375	28.814777535
high_lines	50.4927427013	65.8748574667
high_lines	70.091329673	77.740494552
high_lines	51.1903999641	71.448639888
high_lines	65.1787752457	30.4053395535
high_lines	50.2474856463	82.6942674236
high_lines	72.3540983643	73.2809688616
high_lines	56.3442763738	23.6860012577
high_lines	61.0239552705	33.3590429327
high_lines	44.6507777443	70.320552188
high_lines	33.0644395142	26.8465366859
dots	73.4955391914	82.4949722905
dots	72.4601179597	49.9800419682
dots	27.6013874297	48.5603052524
dots	49.4628494151	17.2190050427
dots	52.1591972004	48.7091070115
dots	51.3169942085	82.2334430733
dots	49.8693589711	17.2652304895
dots	72.4129293262	19.5285644019
dots	26.3684966383	17.7046420134
dots	49.9811722431	17.0482199775
dots	50.6092471041	17.3559441314
dots	51.1971850174	48.1355479751
dots	74.5008415725	82.893896156
dots	50.2686049601	82.9755929567
dots	52.4636620043	51.540518994
dots	72.4756971383	51.0695364146
dots	74.3789754816	82.371212652
dots	51.3000415253	17.4522354447
dots	52.3754137041	48.838335582
dots	72.3035497832	49.126761868
dots	50.7312343384	82.0871306443
dots	49.804852969	17.5840330258
dots	52.6844263217	48.9072413377
dots	49.1041292662	47.531099973
dots	50.7602442676	82.8716477904
dots	50.3653605902	47.5338901487
dots	73.7750920866	82.6457657722
dots	49.2846892359	47.3847330109
dots	52.8444810999	49.1194887463
dots	26.368795162	18.0960306725
dots	49.5300338903	17.0843028053
dots	73.5423935635	82.4205815323
dots	73.4063120275	17.7153545231
dots	52.1127475692	82.0941145401
dots	50.3713407855	82.9424819102
dots	27.7657958917	80.5567426242
dots	51.9126576689	82.0341873086
dots	75.0125141025	81.7917967605
dots	73.7725854723	82.5132538505
dots	74.4419206988	82.745346091
dots	49.3270789652	17.2273174012
dots	26.629145689	17.491117236
dots	51.8029633136	82.0625979556
dots	50.1447275709	17.1062750316
dots	49.1036802431	48.5683478783
dots	51.7371859816	82.0756639357
dots	72.2766847434	49.2488080492
dots	51.094177065	51.6140088495
dots	72.6602892164	50.6508690299
dots	51.1998001406	49.9974004388
dots	51.6654188478	81.6439096139
dots	51.7993515269	48.6183469723
dots	51.6249689362	49.9813734701
dots	50.7028126527	17.4363372032
dots	26.4053444724	17.4636295665
dots	51.1680723864	82.460963581
dots	27.5645760285	81.1817779043
dots	72.4646675695	50.8858414836
dots	72.4988692069	50.3926483591
dots	72.3233215364	19.3603856699
dots	50.299145151	17.0935921252
dots	49.1623154026	17.2733148253
dots	73.5408832416	18.4677718245
dots	72.5811274461	50.5317857244
dots	50.4126804364	82.7882219604
dots	50.0447088926	17.9758046886
dots	27.7332394567	48.9989552629
dots	27.8233611023	50.1198668173
dots	27.0541793291	18.1146128102
dots	49.5565246903	17.0379964631
dots	74.1620694518	82.135263202
dots	73.7595466446	17.3955311526
dots	72.3646448438	18.7528077209
dots	72.5173402146	49.5510008633
dots	51.9536756301	48.269405016
dots	50.6766258862	48.6273817507
dots	51.6292221751	51.9374584823
dots	48.9340430171	17.2546406666
dots	72.7048183097	48.8658737196
dots	72.6703443799	51.4857523765
dots	27.4273855075	48.4853290192
dots	50.2461166363	17.1833272229
dots	49.8324453655	17.4498333191
dots	50.5693993018	17.2028314914
dots	51.9170401673	47.9770130556
dots	52.3946043959	49.3323324542
dots	51.9674908971	81.875813428
dots	49.6437961951	17.3247637188
dots	72.4292584597	50.6514402104
dots	49.2072751445	17.4694179681
dots	50.8356054294	48.7040458369
dots	72.1572879084	19.3611791821
dots	26.9430004807	18.0558678843
dots	50.0796078942	17.1901916373
dots	73.1853389397	18.1978962908
dots	50.2120041797	17.2752427089
dots	50.7330620048	17.2066545497
dots	50.5965945595	17.0868513671
dots	27.6283123536	81.4351277685
dots	51.4787204097	47.6364351523
dots	26.6501031675	17.7028522333
dots	52.4240394312	48.3684634264
dots	73.4614169575	82.5142789395
dots	49.5875708593	17.2233110688
dots	72.1003255187	50.524411015
dots	73.1152239018	82.2659346111
dots	51.5168360115	47.8728833231
dots	50.4361300186	17.8122796711
dots	72.6904044112	51.9081550415
dots	52.4260007964	49.0858120003
dots	49.8928780702	17.2987207279
dots	74.2144609441	82.8611136538
dots	73.6969897946	82.4241427069
dots	26.9142945732	47.8720377242
dots	74.1329824058	82.7415842797
dots	52.3012195588	81.7777763908
dots	50.6484596468	49.485152531
dots	51.781171727	47.6943593751
dots	48.9476556535	17.4538463899
dots	49.8839935056	17.6668921498
dots	51.1815320029	49.224026764
dots	27.7435859378	49.1443959413
dots	52.4097627886	49.6908809656
dots	27.1641774014	18.0357549152
dots	51.8972499409	48.8535411055
dots	72.2591570777	50.9603155156
dots	51.167521452	17.420245605
dots	27.6203663353	48.5659590648
dots	49.9307207142	47.4673197077
dots	52.4681488416	48.4153538361
dots	74.8559822601	82.9154318552
dots	73.236980457	82.042128935
dots	73.4620941227	82.5367663286
dots	27.3620534602	81.8157904304
dots	51.1207066875	17.3947014893
dots	50.5367036851	17.3415187427
dots	52.4107069522	51.5750330675
dots	50.4937192377	17.1776021089
dots	27.8390086322	49.7707408011
dots	74.1037194415	82.4942552661
dots	72.5798472332	50.5879235624
dots	52.3573674622	81.8495188222
dots	52.6708104355	50.1132396455
dots	51.0228694742	17.6444611807
dots	51.1465476317	47.9850897892
dots	51.6271169534	82.442521141
dots	72.7639056548	81.747378725
dots	52.7147488521	48.9953913799
dots	52.1156667203	81.6858617343
dots	27.1840446364	18.3913597653
dots	51.6501381423	52.1114643515
dots	27.0370819922	17.8810892907
dots	51.8508571121	82.3561777209
dots	26.7269371682	17.7606977249
dots	52.322212218	50.5645507887
dots	48.8227262477	17.6769138553
dots	27.5744015758	49.0564124617
dots	49.8660272233	48.5332686485
dots	50.7188153686	82.4122022415
dots	51.1166125443	82.2805033838
dots	49.684995873	47.1423974148
dots	51.7576790559	48.1544667456
dots	74.3722689113	82.841644194
dots	50.3586042758	17.3404105797
dots	74.669864644	82.6451967575
dots	73.1702631156	51.291784998
dots	50.3430362625	17.3356957351
dots	72.2763997441	49.8925756023
dots	51.9595008711	48.6311129889
dots	72.5113639515	49.5169965661
dots	49.3188735515	47.7677390556
dots	51.2024349254	47.8424314409
dots	51.2493548382	48.8517496193
dots	73.2234625736	82.3312387934
dots	52.3509264731	80.8660918457
dots	72.0155954415	49.749196998
dots	51.392090777	82.0253019846
dots	73.3294708766	82.3957569897
dots	49.8036552414	17.3541049007
dots	72.2623300967	51.0379274616
dots	51.3503610268	49.5809716854
dots	26.8276058091	17.7805532034
circle	57.6096345186	76.156492762
circle	82.4211578581	43.2235319642
circle	27.2447746803	37.0583449182
circle	51.6642427971	19.4412210915
circle	62.8711228513	75.1664261798
circle	61.7128432691	75.4747106482
circle	42.0963043187	21.6404698004
circle	64.9488945365	21.3238895667
circle	44.0795997559	20.9102874724
circle	60.510314401	19.952848952
circle	44.3754085193	20.8166816898
circle	44.3777956556	74.8720494112
circle	66.5563875378	73.6034590436
circle	62.7165592737	75.25855102
circle	29.7625573504	62.9701989335
circle	72.7954595391	69.6893858491
circle	69.4361659508	71.9610717061
circle	53.3684603793	18.8919363464
circle	50.3755771264	76.2934906848
circle	82.0342884775	54.5837436177
circle	53.8497980161	76.5323647896
circle	51.8141791784	19.2689299129
circle	46.2804995334	75.1931459273
circle	42.6362651184	74.2916153375
circle	59.5828623397	75.8456658728
circle	72.7493582769	69.6206082737
circle	60.1833153682	75.9240227691
circle	47.4434001522	20.0627870317
circle	29.5942748092	33.3809520603
circle	38.1699370515	24.3046598874
circle	62.1901510388	20.300733957
circle	64.3386645541	74.5413235007
circle	52.3093375143	19.2037540178
circle	59.7308086971	76.0016312311
circle	55.429373533	76.3938783072
circle	52.4193495062	76.8740796661
circle	52.1484041739	76.4218306407
circle	63.1130359207	75.0709354397
circle	63.4119691462	74.9119601231
circle	70.9927940636	71.2925232619
circle	59.5788056468	19.2788344885
circle	40.0230441059	23.0970785225
circle	54.0570041521	76.406178509
circle	46.8616887247	20.2533004632
circle	31.1277223896	30.8214228923
circle	58.8530121639	76.1099835024
circle	72.4922328097	25.8907129958
circle	44.7158905405	20.9329043744
circle	73.363846348	69.1487476161
circle	40.4737983708	22.8700246067
circle	56.5656125848	76.2574514657
circle	31.83392179	30.06646207
circle	52.0144103886	76.4469864928
circle	58.2475085986	19.4201380692
circle	40.0482063665	23.1209427134
circle	52.8126945682	76.3543813885
circle	52.8895110308	76.3214498101
circle	61.9791430075	75.3005157919
circle	81.8441529602	56.3906267127
circle	74.2280318879	27.4751081354
circle	45.4288425987	20.5879520032
circle	50.7046368664	19.4910747532
circle	58.6342645829	19.666604525
circle	82.8260719709	49.9863983997
circle	55.7472005158	76.5126513298
circle	41.7981607043	21.9501954483
circle	26.2240062392	42.5327244275
circle	26.5701049691	41.0182805389
circle	37.4666630094	24.6167747656
circle	55.7901528689	19.2565617831
circle	67.1618370698	73.2508625523
circle	63.1925684115	20.3057151085
circle	59.4205324932	19.4131595069
circle	82.8468330204	51.2888726807
circle	81.8553029605	55.532715383
circle	68.6314162528	23.0924402141
circle	37.6306619585	24.4001660876
circle	41.0341691247	22.5505824362
circle	76.2183487899	66.0465051341
circle	80.8608183484	37.2052337767
circle	30.1752929544	32.3800416151
circle	43.122230703	21.4554138637
circle	51.0380298406	19.3915703859
circle	55.950321447	18.9460970781
circle	48.8283712641	76.3431708548
circle	73.9630430123	68.6172486645
circle	54.2591055947	76.6236988377
circle	42.2019664814	21.9358697032
circle	79.1306168813	62.924256297
circle	52.1418226114	19.3755951938
circle	57.5960521126	76.2539795528
circle	50.532790628	19.3645449911
circle	39.9009403072	23.0624763786
circle	46.8884243825	19.9392786597
circle	61.2480363587	19.9944837648
circle	52.5682295957	19.1082552841
circle	40.8507110227	22.6272135959
circle	57.9307070742	19.5074635614
circle	48.4449601083	75.805322106
circle	29.2385791295	61.7414510296
circle	34.5074204256	27.1791738102
circle	26.1648891415	42.6339977651
circle	61.2640621914	75.8348643595
circle	48.1772234093	19.96348799
circle	74.262754322	68.2089784417
circle	61.9248701522	75.4632512068
circle	49.2059494321	75.890997526
circle	59.0711495765	19.5658578269
circle	70.7759821649	71.1906444227
circle	47.2909431902	75.5456520641
circle	44.5585411386	20.9513237448
circle	64.3769965296	74.5422123925
circle	65.719336823	73.9384742586
circle	25.7526012727	45.512193929
circle	58.5639507779	76.95368768
circle	56.5142707059	76.4130323533
circle	62.2453274295	20.4452846038
circle	60.7503274965	20.0070302936
circle	41.6659976963	21.9102474315
circle	38.965853038	23.1715029542
circle	50.8130365968	19.2122677378
circle	25.8193031751	45.3831411049
circle	33.7188307397	28.0245711227
circle	43.7686656094	21.2399260471
circle	32.0462240563	29.6006700423
circle	79.9803917596	60.1859548741
circle	44.1631854006	20.9378734957
circle	28.1469187485	59.4425893647
circle	48.4596386093	19.8258283407
circle	62.6400655563	75.1059514675
circle	71.3551809876	70.7365209804
circle	62.2211004565	75.2918400224
circle	60.8082489671	75.5677831969
circle	56.6133335208	76.2824639356
circle	47.828630597	20.0159817648
circle	55.0609964096	18.7760367713
circle	72.0776113868	70.7350247034
circle	40.5466818982	22.750153119
circle	36.2186392875	25.5092494312
circle	65.5602641512	74.4661969558
circle	75.6693118937	66.9496990316
circle	63.3338555681	75.1674610352
circle	63.6616292048	75.0209875351
circle	47.0996001682	20.2184740503
circle	68.9692703899	72.6167772465
circle	63.7278943546	74.7735561502
circle	67.5398379039	73.2875018826
circle	50.570876253	19.3659637939
circle	52.1194633503	76.4118346756
circle	34.5071339616	27.1642063926
circle	49.0350125321	19.6406705874
circle	39.3932582861	23.4661515295
circle	53.2370891467	76.3219241644
circle	30.3050104189	32.2092580051
circle	59.9120902337	75.955628541
circle	45.6577675486	20.6287283664
circle	32.2983250309	66.1676515627
circle	74.2818223341	27.5125582186
circle	48.8743251498	75.8619112088
circle	55.0217479929	76.3271030184
circle	25.6309460655	46.3527331305
circle	32.3387625278	66.1520509957
circle	58.138806143	76.277404642
circle	39.3874876095	23.3314675397
circle	64.7203758414	74.540808488
circle	75.226897994	67.1448239224
circle	43.862718245	20.6314888182
circle	73.4858887436	26.6605188382
circle	36.484234146	25.5511017726
circle	80.2408247052	59.9096419587
circle	57.3262668062	76.2420475436
circle	77.8174982252	31.6230935286
circle	47.5321974167	76.1283827915
circle	58.5457781315	76.0633760797
circle	57.4926729326	76.5844688705
circle	81.2800201379	38.5277880637
circle	50.8059149803	76.1704384046
circle	67.3169677374	73.4031840093
circle	58.2079290267	19.5358274706
circle	65.751489026	21.3497943962
circle	31.3310098114	65.0022487368
circle	35.4985542811	25.8492644063
bullseye	66.2517848678	84.1963373616
bullseye	73.5351458453	47.3680040536
bullseye	34.9041575993	49.2147162759
bullseye	56.9112047971	28.8031589586
bullseye	68.4037836297	60.8189444037
bullseye	57.0036233094	86.1413245525
bullseye	39.8902757136	12.1310465
bullseye	70.8532508347	13.0946015351
bullseye	42.775107378	11.1760546962
bullseye	61.4699899287	29.988423363
bullseye	41.6756860727	33.0975379862
bullseye	48.4734078585	66.280307818
bullseye	75.5217047166	79.61371001
bullseye	54.8150728506	66.9875581836
bullseye	43.0783672508	63.7773538588
bullseye	88.4392475543	65.4424977511
bullseye	74.397727566	80.6397357201
bullseye	53.3929167748	9.6909545716
bullseye	50.2401955925	66.7251544267
bullseye	73.6385619162	47.2185612169
bullseye	46.9511795593	85.1799716964
bullseye	44.2297962772	10.7319127646
bullseye	41.8930412673	62.8943615833
bullseye	47.2220135867	65.9122377321
bullseye	62.1175811279	85.4895045139
bullseye	59.8396585108	66.1612434992
bullseye	62.3091833455	85.3291733685
bullseye	53.2287740772	28.5815971459
bullseye	39.3123698294	35.5745324407
bullseye	36.8264304161	13.6850287221
bullseye	64.1384457566	31.4814896094
bullseye	75.3633450278	80.0259926353
bullseye	64.8040597699	10.8218399336
bullseye	50.2019177159	86.0993632098
bullseye	57.1119711838	67.0773079536
bullseye	45.0260447473	85.1333069538
bullseye	40.0964335545	83.563808468
bullseye	60.5351821273	85.7850469004
bullseye	64.9321423799	84.7895358734
bullseye	64.6536486722	64.0812007194
bullseye	55.5456574919	28.4721692578
bullseye	28.2274449828	19.6953257098
bullseye	54.4108935793	86.3077970104
bullseye	46.1348308863	30.1827624166
bullseye	38.625965654	37.0107920215
bullseye	58.5413035968	66.6743353064
bullseye	71.7958766499	39.6744659815
bullseye	36.1473130054	41.951004473
bullseye	87.9016814604	66.4774729856
bullseye	51.3841924955	28.5967039106
bullseye	54.7111971589	86.230192552
bullseye	37.9069153083	37.6365722895
bullseye	40.7688248779	61.8796234729
bullseye	58.9536035376	29.3856565378
bullseye	36.3717089109	13.7717570642
bullseye	52.0627713166	67.0411370964
bullseye	36.7579523125	82.0523978199
bullseye	66.5780863065	62.9118341538
bullseye	72.7235614201	42.2054224822
bullseye	82.8612929701	22.0882601571
bullseye	47.2211837884	29.8459942551
bullseye	59.6503279009	29.1771376483
bullseye	53.0573639626	9.36440656101
bullseye	70.8737945526	37.6876413937
bullseye	49.8154355076	66.7225070418
bullseye	40.3801603334	12.0188300221
bullseye	16.828437202	38.9173926096
bullseye	16.8768487547	38.8396053855
bullseye	28.8385476111	18.9801782681
bullseye	49.7273197203	9.818796645
bullseye	66.3950471704	84.3179649739
bullseye	66.4027330496	32.6588528878
bullseye	62.5341984872	10.4141295348
bullseye	71.5062033531	56.5172408756
bullseye	72.6811060384	41.6310056246
bullseye	72.4758339815	40.8948338904
bullseye	35.3274307925	43.4631550148
bullseye	45.1406636424	30.7467347213
bullseye	71.7269998438	56.1719048971
bullseye	71.9420375549	40.1328860945
bullseye	40.0433627582	34.6733302469
bullseye	42.7366670664	32.1668232021
bullseye	56.2057628571	9.39345120135
bullseye	46.2854794306	30.2376889411
bullseye	52.2166367096	67.207749661
bullseye	72.8698871943	51.776565196
bullseye	52.4727151026	67.0138017653
bullseye	47.9319147503	29.3950988075
bullseye	73.1626620032	52.4365897832
bullseye	46.0011784811	10.2284744715
bullseye	47.3689354735	65.9902466232
bullseye	55.3982974381	9.52915012801
bullseye	34.436596637	14.861197827
bullseye	51.9068836671	28.9784112304
bullseye	63.8074078125	31.5010035748
bullseye	55.3745587929	9.3907467866
bullseye	47.3682546243	10.0053806417
bullseye	53.7599404182	28.633933753
bullseye	32.3116118071	79.4234901033
bullseye	35.0983131877	45.8229497803
bullseye	27.5639086303	20.0986199619
bullseye	35.022668676	44.8538138719
bullseye	70.1582918741	82.870662723
bullseye	42.8207884307	11.0944166426
bullseye	72.1961753288	55.2401640604
bullseye	69.4953801996	83.0388941089
bullseye	44.8756477219	64.5354470563
bullseye	58.2274283761	9.59425730068
bullseye	69.9652878617	58.1254227911
bullseye	66.981764276	62.3670928803
bullseye	43.2080999397	10.9573747342
bullseye	63.3424281243	85.1983977411
bullseye	61.8941142047	85.5365012081
bullseye	35.0247964888	48.4780527323
bullseye	63.7466676639	85.001381992
bullseye	46.0412099294	65.4758392727
bullseye	68.7294427024	60.7336130999
bullseye	51.2421202604	28.8174309931
bullseye	44.9260102589	30.7306427677
bullseye	39.864029415	12.1268508266
bullseye	65.3898783708	32.3628003919
bullseye	35.1280373252	50.6199893427
bullseye	35.1883283318	46.0186231248
bullseye	33.5564810906	15.4379215402
bullseye	41.8493028594	33.1107809186
bullseye	91.4645553108	54.276119954
bullseye	50.7513289755	28.8254277825
bullseye	37.1382313902	56.2347460305
bullseye	51.3245955776	29.3694279221
bullseye	50.0617177646	66.8388631061
bullseye	71.1286744081	82.4103384088
bullseye	62.7621580839	65.3342922465
bullseye	68.2631690948	83.3928038006
bullseye	47.7143304937	66.1693254562
bullseye	53.3909749147	9.47659774941
bullseye	60.0788225062	29.3294901661
bullseye	67.0688514179	62.2757080212
bullseye	48.4806233045	9.78936730909
bullseye	38.3303831911	36.6401749551
bullseye	75.5666109354	79.79350494
bullseye	65.342854895	63.4890309543
bullseye	58.156326506	86.0884980538
bullseye	59.9762207034	66.4365586203
bullseye	41.2184950618	33.9143743701
bullseye	70.9490431819	57.5695335157
bullseye	60.5905034178	85.6737632611
bullseye	79.3795586977	76.8183483183
bullseye	54.1039680401	28.5486815203
bullseye	55.9071451284	86.1903552112
bullseye	37.0165144028	13.4291751792
bullseye	47.1883875067	29.6752046083
bullseye	33.8707616725	15.2176079695
bullseye	53.8873815954	67.3004304882
bullseye	23.4128767577	24.9932889866
bullseye	59.2031455585	66.4731555139
bullseye	53.3421285851	28.5361891088
bullseye	37.9773079928	58.4086893442
bullseye	63.8954363003	31.5892319233
bullseye	46.8009200573	65.6309411433
bullseye	54.1752574808	67.2443290808
bullseye	35.0328074392	47.0161994793
bullseye	36.5966714028	55.1393412864
bullseye	60.1789616396	85.8349003354
bullseye	43.8392804403	10.7675919087
bullseye	71.0631008112	82.413145609
bullseye	61.0078590279	66.0069152952
bullseye	40.3937808449	11.929502425
bullseye	73.233261546	46.2728956309
bullseye	36.7463838589	39.6323328812
bullseye	92.3164841827	53.6036606907
bullseye	56.5957268212	66.4861619186
bullseye	71.130198532	38.2845665483
bullseye	36.7297971525	56.1719024563
bullseye	69.4168237297	83.1690819018
bullseye	49.2789675121	66.3053937582
bullseye	71.917940263	40.1475618392
bullseye	55.1932540033	86.1445825547
bullseye	60.7555046571	66.1070156579
bullseye	52.7183843236	28.6738559507
bullseye	61.5176188718	29.7485037895
bullseye	37.3042826949	57.3698935108
bullseye	42.5811791949	32.6720139074
slant_up	61.9660035136	89.7081471489
slant_up	74.0892297823	46.7204955379
slant_up	34.213424959	36.475948936
slant_up	58.5297441131	30.8943955643
slant_up	44.1528656898	46.8453552252
slant_up	59.4820986564	87.132555916
slant_up	42.4161394478	14.8777563743
slant_up	71.3663081104	23.8012467956
slant_up	39.8648886776	12.556273676
slant_up	60.0268995612	32.345977651
slant_up	49.8098767941	22.1274763331
slant_up	38.4115278245	68.9242113365
slant_up	78.5835365409	78.4554177933
slant_up	62.575931879	64.7166914619
slant_up	33.1901729898	60.5536663147
slant_up	81.2744029783	52.9843761153
slant_up	92.0842045758	90.7550685039
slant_up	53.4681358972	6.17544437069
slant_up	45.4622136315	47.996678992
slant_up	72.9620677907	43.9226795716
slant_up	43.3583952936	91.0406451549
slant_up	43.3971641104	15.1802381834
slant_up	38.6639008107	67.0536994732
slant_up	53.5291683247	55.2703876058
slant_up	49.8323030615	77.2310002826
slant_up	61.1301260585	59.8749684964
slant_up	70.0137719514	69.522339286
slant_up	60.3679075486	32.8782756226
slant_up	47.1268616619	47.6875298093
slant_up	33.007645402	5.30284972246
slant_up	59.4561758107	31.769079898
slant_up	77.0528842503	79.2375160384
slant_up	62.3611522818	14.7665176654
slant_up	51.9878222419	79.207669835
slant_up	56.2822413114	55.3853365562
slant_up	45.4612970623	92.9055474475
slant_up	42.6061196342	90.3981594859
slant_up	66.4120940962	96.6543776338
slant_up	70.0017333349	72.7669288275
slant_up	66.0738583231	67.3646399087
slant_up	61.9023395629	34.3438440895
slant_up	37.2599519755	35.9373567179
slant_up	56.7400122715	84.313473813
slant_up	46.410919498	18.0499970004
slant_up	38.6483590301	38.9042751137
slant_up	57.6684687588	59.5546612107
slant_up	65.1087691296	37.6211719391
slant_up	48.0998132103	49.5326770859
slant_up	87.3864803538	59.2621670188
slant_up	54.5485459647	52.7695772322
slant_up	55.3868209667	83.2565438727
slant_up	45.7478831165	48.4135945079
slant_up	52.7939781307	51.302115573
slant_up	59.6596777126	31.6441783217
slant_up	31.0072598475	2.4272427305
slant_up	45.5004483989	74.4141777026
slant_up	43.6162065285	91.3509152328
slant_up	57.7055661555	60.1197309151
slant_up	62.3524145893	31.9682181165
slant_up	75.8962850569	28.5438022185
slant_up	54.6480710757	27.3378713312
slant_up	55.770619722	28.4324098848
slant_up	54.9067600371	7.05164861659
slant_up	65.6493621448	36.8769468905
slant_up	43.7228163477	72.0780141689
slant_up	40.2000530888	11.5013804283
slant_up	16.251203826	44.0431540221
slant_up	20.981008582	48.3072993541
slant_up	16.8969307169	16.3140892449
slant_up	57.7554314973	10.2531189976
slant_up	71.8206078866	99.1706979828
slant_up	62.8404679707	35.1411943234
slant_up	62.4391781901	14.7836253147
slant_up	74.3190736711	45.6446410871
slant_up	65.2813534414	36.5234330414
slant_up	48.3494955005	50.3160364868
slant_up	39.6892504692	41.3496541557
slant_up	52.26043971	24.7837687667
slant_up	84.8920715224	56.5335220428
slant_up	68.8696997481	41.5070981291
slant_up	31.4374312579	33.6571355312
slant_up	27.3463602333	28.3678783492
slant_up	52.9276153444	5.15584397925
slant_up	64.557637458	36.1598105314
slant_up	48.8610333618	51.2656992919
slant_up	56.1217291015	54.154279224
slant_up	50.4283006063	78.025897621
slant_up	52.9760042418	25.0949550163
slant_up	65.1441360455	37.9037180082
slant_up	48.4170101987	1.0201268829
slant_up	51.8445109289	52.9232657814
slant_up	57.4847183454	9.8789723702
slant_up	18.44161392	19.6167622264
slant_up	61.4332989883	33.3291460577
slant_up	63.8328066519	34.2186217294
slant_up	55.9596124257	8.54880936474
slant_up	38.4121093573	11.0424456249
slant_up	61.6184504688	34.4323463804
slant_up	36.1321241832	84.1423514423
slant_up	50.548571757	50.1673631461
slant_up	23.0333511172	24.1004476156
slant_up	52.708690905	50.2040079385
slant_up	87.2204223492	89.5096435042
slant_up	43.2146587325	15.8412505464
slant_up	63.6295545625	65.3682808958
slant_up	82.8407172021	85.3475346488
slant_up	37.8052421178	65.3526082634
slant_up	53.0471607534	25.3452928659
slant_up	63.3624913324	61.8673178694
slant_up	50.1293995037	52.1767329609
slant_up	52.0598829301	24.7811179349
slant_up	64.7397132079	66.8587109109
slant_up	63.2061867617	91.5345067804
slant_up	37.5702175095	35.4750858391
slant_up	66.0141871836	96.2281355527
slant_up	51.188572282	78.5169591321
slant_up	52.0458461599	51.7855131037
slant_up	59.1341409144	31.1716860043
slant_up	49.6912508641	22.0962342027
slant_up	49.6274272655	20.8715225546
slant_up	45.8987967947	48.4828204612
slant_up	42.4703885061	42.8972842245
slant_up	41.3303559044	40.5645382132
slant_up	41.5782930254	13.1583503102
slant_up	47.9968834075	47.173794809
slant_up	81.0418345985	53.6322952814
slant_up	55.2999913723	27.6725405069
slant_up	24.4391357692	53.256009259
slant_up	48.8651686953	47.4953310233
slant_up	59.3629255376	58.1221303308
slant_up	73.8686918583	74.365377497
slant_up	71.0084559182	72.5991473224
slant_up	65.8885219735	93.5413221267
slant_up	39.3239149275	68.2074735382
slant_up	47.0362598198	19.4567595279
slant_up	55.2644171521	27.979646521
slant_up	54.4325284089	55.0420672447
slant_up	50.8620164739	22.2804402981
slant_up	33.6118755686	34.4414392522
slant_up	67.8046756773	70.4668148519
slant_up	77.6848664679	49.6495235051
slant_up	58.6999356553	86.6760645452
slant_up	56.7347581344	55.9196279581
slant_up	49.3045007035	21.5545872983
slant_up	50.5667248932	51.5005246997
slant_up	62.4965461658	92.1477384961
slant_up	78.0399460209	78.2889108972
slant_up	58.5584578384	31.3452694053
slant_up	55.3173804094	82.5208350152
slant_up	37.1518657158	9.93271742597
slant_up	60.6272516939	32.9721007068
slant_up	30.3287817174	2.7950266515
slant_up	40.5289056335	68.4406177853
slant_up	21.9602903889	22.9092689303
slant_up	62.0818084194	63.066854555
slant_up	47.0046631461	19.5700288639
slant_up	36.8488123893	66.1443788995
slant_up	65.3684744523	37.0544429184
slant_up	38.6735045976	66.1333017819
slant_up	52.7651460265	80.8138690746
slant_up	44.6449811273	42.9867249579
slant_up	56.3557499462	56.3698395265
slant_up	62.7908403333	90.7745139214
slant_up	45.6023560911	18.1880002036
slant_up	73.8234267297	72.8556524532
slant_up	63.0282586945	60.248785245
slant_up	39.3325931777	11.5122032727
slant_up	70.6107189529	43.3463018971
slant_up	42.9876176802	42.5016350341
slant_up	83.8500085708	54.4582911121
slant_up	58.0981014539	60.8104526507
slant_up	65.9010356456	38.1969153868
slant_up	50.2942389307	50.4738498423
slant_up	67.1584637658	69.8248190808
slant_up	46.2240949429	76.44995472
slant_up	71.1249285487	43.2907599835
slant_up	44.0090721269	92.1207239033
slant_up	61.1208859477	62.5828571338
slant_up	62.4764683037	35.1340037568
slant_up	67.0776479466	39.7066183708
slant_up	46.7700234231	46.3134495219
slant_up	31.6106715999	29.5708973609
slant_down	67.5874259761	83.5405289169
slant_down	84.1318643902	46.8008902907
slant_down	29.5282922021	38.8129062621
slant_down	49.1904475652	20.5324772867
slant_down	51.3335491847	47.7457676113
slant_down	57.4164606542	94.2303900595
slant_down	38.5368534206	8.95056973178
slant_down	70.867274304	27.9167674891
slant_down	42.4413044695	5.71657675881
slant_down	57.9837156042	40.63523399
slant_down	42.4441292869	25.7767855445
slant_down	37.5973025742	60.2627776835
slant_down	75.0674054737	77.3209861919
slant_down	64.6912854343	65.5917285576
slant_down	46.6594028229	51.3301925817
slant_down	90.9269154848	61.3726489796
slant_down	71.5506599788	81.2214458268
slant_down	62.0202954784	5.6230472335
slant_down	44.8772391761	52.5962769899
slant_down	74.9621411566	53.7993002941
slant_down	38.9867139312	89.0871826174
slant_down	41.0420061424	6.54360792948
slant_down	48.9331464872	49.981681159
slant_down	47.1898916332	50.7097718384
slant_down	55.9645619917	75.3723260298
slant_down	51.8286669788	48.2182644184
slant_down	57.6399273025	70.7380676108
slant_down	57.4247827197	42.6352343421
slant_down	53.4779577975	45.5475916626
slant_down	30.5380223688	17.0945503435
slant_down	67.4098964412	34.2200793507
slant_down	73.5080662247	79.2099855464
slant_down	50.6308491915	18.3257135894
slant_down	46.8599850279	83.2840683372
slant_down	59.8075196591	72.2203686974
slant_down	38.0267843347	93.5433349558
slant_down	34.0515928694	95.8769936421
slant_down	58.0845438707	91.3848274192
slant_down	74.3234101869	77.7508915688
slant_down	67.0082807343	62.6185177403
slant_down	55.7778704711	42.1946464603
slant_down	34.3580123142	35.2143064327
slant_down	66.495604458	84.4295053342
slant_down	43.4920860803	25.7243725667
slant_down	38.5371396574	30.6850100039
slant_down	58.9403201451	70.1319602996
slant_down	62.522784643	37.095470271
slant_down	48.234008789	51.0000064766
slant_down	79.0415416926	70.0991371796
slant_down	55.4614309273	43.0242708923
slant_down	60.9016619983	91.6961160127
slant_down	41.1841403929	30.5368341683
slant_down	46.5506349492	51.8106652049
slant_down	67.9561385812	33.0535650525
slant_down	33.7380889022	14.388374078
slant_down	48.9032421201	80.2105036996
slant_down	42.1344587229	89.9925986859
slant_down	63.8649568461	63.6236459391
slant_down	61.7995604097	36.6268200985
slant_down	70.5452232605	28.3783393633
slant_down	38.0671587731	30.2821125838
slant_down	51.5807943188	15.6277087341
slant_down	61.4769876244	5.77453745394
slant_down	61.2813587997	37.7021111117
slant_down	61.9194420233	65.2770159352
slant_down	35.4098873355	11.7629638129
slant_down	28.3012469387	39.2360702635
slant_down	25.4083362343	46.1231315188
slant_down	24.6423294689	23.8328809264
slant_down	55.0793504842	16.4831666489
slant_down	64.8412005031	87.774945061
slant_down	66.6162313456	31.2278706995
slant_down	62.1527837597	5.62922380929
slant_down	79.4337705498	48.686345102
slant_down	57.509979246	43.2829846181
slant_down	63.5591149446	39.0934410154
slant_down	48.9286751531	51.7557057474
slant_down	50.847540426	17.1969381729
slant_down	71.8639959175	59.4468231137
slant_down	65.8433104389	31.4169558237
slant_down	32.6804046821	34.5750870474
slant_down	35.6761674086	31.799490394
slant_down	66.6793778281	2.94106141365
slant_down	59.1372990577	42.2222803307
slant_down	45.9920892325	53.1092862986
slant_down	59.7918608638	38.3855916183
slant_down	52.8593083072	79.6025541225
slant_down	40.366690226	27.0217818895
slant_down	83.6372211351	47.4767900379
slant_down	46.860590485	0.469738228914
slant_down	48.012694723	52.5650998228
slant_down	60.9023968743	7.02586295276
slant_down	33.4304130843	14.9375296592
slant_down	48.1305803861	21.170622003
slant_down	63.1376988102	35.0921809499
slant_down	67.6330382044	3.62375832025
slant_down	48.3959059632	0.483669844256
slant_down	63.933625979	33.9980193818
slant_down	29.6075914193	68.67142684
slant_down	51.4459973677	48.0896321538
slant_down	26.1795789972	26.173312453
slant_down	51.1699842502	49.4577721937
slant_down	65.238633772	85.3860731277
slant_down	38.2529045344	10.1970941331
slant_down	75.7054910962	55.9478419239
slant_down	69.1495584844	83.1773088386
slant_down	40.9908223727	58.5953671711
slant_down	54.7369958695	15.9899900957
slant_down	70.8436584403	61.0800007039
slant_down	46.0848469002	54.241648058
slant_down	55.0242672823	13.7997825853
slant_down	70.8328544063	59.457915746
slant_down	61.4359336567	90.6293373206
slant_down	32.9126462137	35.0273451664
slant_down	70.1945058902	82.53970046
slant_down	55.5971034504	76.8262649892
slant_down	46.4034031167	52.5061810575
slant_down	61.7069354708	39.3427535092
slant_down	40.0334682823	31.2062591849
slant_down	36.636745459	12.9497597418
slant_down	54.5548622149	46.541123971
slant_down	30.2959037105	40.3533451474
slant_down	44.6467916493	52.9167718811
slant_down	33.0955730397	15.250014781
slant_down	48.6558094126	50.9624523811
slant_down	93.8766866378	58.1551407173
slant_down	47.6916189992	19.8530868781
slant_down	34.7439317636	63.239139011
slant_down	55.7384109333	44.006451194
slant_down	61.6329921268	66.2007109572
slant_down	73.876044464	78.6499451195
slant_down	64.0650107416	67.5431990412
slant_down	68.6186574849	83.1450787214
slant_down	33.7420210016	68.1761618675
slant_down	46.0737878855	22.7021766114
slant_down	45.7820627638	22.5254831843
slant_down	55.300323754	44.8267044955
slant_down	50.9386403876	17.7051520618
slant_down	33.1426658555	37.2820445887
slant_down	73.612485663	76.7997003489
slant_down	75.9661115945	56.1066045137
slant_down	43.9680967255	83.6925675684
slant_down	66.3902427236	65.4974406002
slant_down	48.3478245476	20.1647239115
slant_down	47.6199598928	53.4390192433
slant_down	57.3508184375	95.3228018559
slant_down	81.8038756438	68.1165233479
slant_down	55.622203599	42.7666820818
slant_down	56.2052254685	93.073202805
slant_down	35.770735662	11.8445413698
slant_down	55.6157796115	46.639858113
slant_down	33.5544971369	16.3917102209
slant_down	53.5670641452	75.0394835341
slant_down	13.5445167365	35.013161179
slant_down	63.4499600034	68.2528290581
slant_down	46.6213468664	23.0272234811
slant_down	34.4301113995	63.3208313577
slant_down	59.9011470304	38.4103840156
slant_down	43.969600506	57.2751280357
slant_down	60.4652675892	70.8583590378
slant_down	48.2802163974	53.8210505451
slant_down	45.6426860539	54.019210238
slant_down	68.4337980417	83.9871029806
slant_down	48.0787604728	19.8586758849
slant_down	71.5324408709	78.1226215562
slant_down	66.3712570227	65.2591682511
slant_down	35.6989957633	31.4793558586
slant_down	61.8813203042	38.6979087885
slant_down	54.7638851939	43.3409145317
slant_down	81.0773713532	48.9912003221
slant_down	66.2887849338	65.5160158412
slant_down	60.6877687332	37.2357773929
slant_down	51.886224266	46.6827069143
slant_down	72.0124711531	80.4303870915
slant_down	49.4085610552	81.0649934377
slant_down	61.4013458389	39.8634327541
slant_down	56.053366038	96.2505216153
slant_down	81.4210661089	71.1417287966
slant_down	47.199484367	20.5057622347
slant_down	65.8682366975	36.7517539486
slant_down	45.7434444612	54.1890043203
slant_down	33.434381747	35.9194959831
wide_lines	65.027024729	78.9730694927
wide_lines	67.7235383881	40.7619234048
wide_lines	34.440863544	41.5308592103
wide_lines	62.0517455944	30.0956926708
wide_lines	62.2436134085	51.689600369
wide_lines	65.304823104	91.2352358134
wide_lines	37.657209689	17.1758399778
wide_lines	65.7950251817	25.2806547349
wide_lines	32.1949000815	5.18898647584
wide_lines	64.6539849345	33.6279025288
wide_lines	38.5295464336	18.3049892924
wide_lines	39.46563803	65.7686990374
wide_lines	68.9131461513	74.838897175
wide_lines	63.4354270118	63.619952281
wide_lines	35.24818549	55.1417538004
wide_lines	75.2488934398	59.9057695953
wide_lines	76.7345662782	95.7903789033
wide_lines	59.9767858564	11.7194820584
wide_lines	37.555895378	61.8973206435
wide_lines	68.8645555261	47.3789709664
wide_lines	41.0713041473	85.9241403716
wide_lines	34.2544218231	14.6810551123
wide_lines	39.6105052192	57.3602256692
wide_lines	38.7228898708	49.2659407101
wide_lines	65.8700682003	84.202529221
wide_lines	62.5373342909	54.8195971526
wide_lines	66.927129087	75.2475142985
wide_lines	62.879973157	35.8581450108
wide_lines	39.9182266613	40.6572502747
wide_lines	32.7011186751	7.64217796768
wide_lines	63.4160594721	33.5231406736
wide_lines	72.8225445818	83.9497070064
wide_lines	64.7363193945	17.6026116915
wide_lines	41.2960038226	86.1781579953
wide_lines	64.933899134	68.0456301006
wide_lines	32.6093003269	95.1047101939
wide_lines	37.5800707249	80.9712016049
wide_lines	67.2362999314	93.184535409
wide_lines	65.3776981329	73.8801162531
wide_lines	67.668677901	72.3820224372
wide_lines	61.5489507539	37.5261176609
wide_lines	33.681977119	29.101747022
wide_lines	65.4062845958	88.9258870659
wide_lines	38.4385835349	17.4917640949
wide_lines	36.0157860126	38.13451199
wide_lines	60.527712844	66.1022885037
wide_lines	66.7105001249	44.3686471512
wide_lines	38.2975021906	48.8519373876
wide_lines	70.1171903288	58.8521665451
wide_lines	61.5964022986	43.0585292962
wide_lines	61.7078640995	77.1117130532
wide_lines	37.3679929625	37.2205713638
wide_lines	40.845738287	54.4915429824
wide_lines	61.8260975476	24.7791734037
wide_lines	30.2630842703	10.5307442731
wide_lines	40.3080891343	68.9884932164
wide_lines	37.6810067419	85.0596677363
wide_lines	64.0774229369	61.6922199414
wide_lines	68.8362809475	33.8067191412
wide_lines	69.4584737321	34.8319778612
wide_lines	62.6225973632	40.176921518
wide_lines	61.9789361194	28.3535392342
wide_lines	62.081437097	2.01463068947
wide_lines	66.9299274284	51.9864116672
wide_lines	63.3750746456	73.9273815518
wide_lines	38.616616411	17.7342540476
wide_lines	26.8756055716	38.7778286054
wide_lines	25.5221452894	43.9820636554
wide_lines	26.3541697591	13.8180156503
wide_lines	60.7098693404	19.3431213085
wide_lines	70.6924430911	99.0843708983
wide_lines	66.8726644244	33.7515384925
wide_lines	63.9954941285	7.80519010347
wide_lines	69.8136742227	46.4186217054
wide_lines	60.7097725973	44.2267311895
wide_lines	62.8175533374	45.3758503921
wide_lines	37.2254197815	45.5997353198
wide_lines	63.2608924115	22.7470751856
wide_lines	69.1120171736	62.8861941252
wide_lines	63.1064337516	36.8552080754
wide_lines	35.2272488857	43.974984132
wide_lines	37.833254422	23.6781728484
wide_lines	63.5823808853	5.70169896574
wide_lines	64.1797073098	29.6466497216
wide_lines	62.1979020881	60.6819112761
wide_lines	64.5039020108	56.2467897772
wide_lines	38.0595232563	64.5990042613
wide_lines	38.3329292918	32.3103131432
wide_lines	66.4048064406	47.3911763534
wide_lines	36.6873907231	5.26670388266
wide_lines	64.5883180837	63.2717526521
wide_lines	65.6492565614	9.21440036191
wide_lines	29.2273874729	15.6242393602
wide_lines	62.3173682955	27.7717669797
wide_lines	64.6102064455	34.0772522274
wide_lines	62.4895442677	5.2540647522
wide_lines	36.3777402011	4.79676310727
wide_lines	62.2906638616	25.8383042726
wide_lines	35.9664474846	76.4609325138
wide_lines	38.1333105747	44.2031384492
wide_lines	29.6673158522	26.2174006891
wide_lines	36.6342981645	44.5129640143
wide_lines	72.8927345675	99.690102848
wide_lines	36.363582259	12.8762067776
wide_lines	66.8616892768	58.3579212055
wide_lines	70.4947256575	91.6361883376
wide_lines	40.4620273227	58.0612358439
wide_lines	62.5725862604	21.2706699757
wide_lines	65.0423104784	56.3958340115
wide_lines	64.5805333982	44.6987047249
wide_lines	59.0158758758	14.8038416355
wide_lines	66.7260552238	72.191119294
wide_lines	66.0457622214	90.3404780781
wide_lines	36.7698419874	47.6915384047
wide_lines	66.7007853199	88.0740036304
wide_lines	40.6884527063	70.1500618604
wide_lines	64.0504148025	45.9750826254
wide_lines	61.7537071317	35.0403563339
wide_lines	38.3654407223	30.6377347943
wide_lines	35.34979839	18.9409711345
wide_lines	63.1639155552	43.8224977254
wide_lines	35.5037350539	44.4356192297
wide_lines	40.2407553506	41.2188034396
wide_lines	35.5076996558	20.441871323
wide_lines	35.7116966795	41.7368369355
wide_lines	75.9194605547	55.9642503397
wide_lines	62.5959861342	13.865480591
wide_lines	36.3592061996	49.6894703669
wide_lines	60.9533240866	35.2614209174
wide_lines	61.9844532942	51.5996098175
wide_lines	69.0248544179	74.3658126733
wide_lines	69.3283603587	68.2658788994
wide_lines	64.9587274236	86.788072428
wide_lines	35.9029270448	69.9326613341
wide_lines	62.2287012911	18.4316526088
wide_lines	65.7610427799	25.4249979812
wide_lines	63.717134406	57.9297172295
wide_lines	60.6414986925	22.3562714183
wide_lines	36.1703232934	38.3905019554
wide_lines	66.2606163715	73.3057355058
wide_lines	65.9949495365	50.496009825
wide_lines	63.8882156828	85.5242939375
wide_lines	63.3948125393	65.5996687054
wide_lines	38.0391260762	25.3498194029
wide_lines	64.7331227445	59.8520026309
wide_lines	63.7287468792	96.2624475
wide_lines	77.9393881974	81.5933522247
wide_lines	62.5672215089	36.6442370501
wide_lines	63.3308050967	87.2946174216
wide_lines	36.2874555151	16.2143671898
wide_lines	64.3374610582	36.9093134538
wide_lines	27.9658593382	0.100132835987
wide_lines	62.0177434581	61.5460696567
wide_lines	23.2093211678	24.452793942
wide_lines	64.6893918058	68.9491937962
wide_lines	38.8151502148	21.2445468092
wide_lines	35.879158191	60.8088472794
wide_lines	64.2149676841	40.8995484956
wide_lines	38.1522197259	63.4183421967
wide_lines	64.7802449882	75.0116853872
wide_lines	37.3115354145	40.0945652786
wide_lines	39.1455743003	55.9300911182
wide_lines	64.7004658027	84.2410697359
wide_lines	39.3157321673	17.4249064009
wide_lines	66.9610968797	78.9177218706
wide_lines	63.5634172811	51.577217772
wide_lines	37.7277740702	20.8742181893
wide_lines	62.9085658938	42.0666778581
wide_lines	37.9688599138	35.9647173411
wide_lines	71.7804033983	49.0292504888
wide_lines	62.7178154915	64.8027380739
wide_lines	64.7637676696	46.1743035443
wide_lines	64.8919512882	51.951138948
wide_lines	63.2603814591	77.3890622663
wide_lines	40.3678836174	70.2957526802
wide_lines	62.1349086032	41.9585055143
wide_lines	42.5529773627	98.1834095833
wide_lines	66.3985808063	68.4773515844
wide_lines	61.6650987853	25.074641231
wide_lines	64.4968090058	38.1282411509
wide_lines	39.9642000416	56.688948334
wide_lines	32.5841665341	27.2438076007
